/Users/bb/Code/udacity/udacity-behavior-cloning/straight-after-curves/IMG/center_2018_07_31_08_59_05_230.jpg, /Users/bb/Code/udacity/udacity-behavior-cloning/straight-after-curves/IMG/left_2018_07_31_08_59_05_230.jpg, /Users/bb/Code/udacity/udacity-behavior-cloning/straight-after-curves/IMG/right_2018_07_31_08_59_05_230.jpg, 0, 0, 0, 7.826166E-05
/Users/bb/Code/udacity/udacity-behavior-cloning/straight-after-curves/IMG/center_2018_07_31_08_59_05_333.jpg, /Users/bb/Code/udacity/udacity-behavior-cloning/straight-after-curves/IMG/left_2018_07_31_08_59_05_333.jpg, /Users/bb/Code/udacity/udacity-behavior-cloning/straight-after-curves/IMG/right_2018_07_31_08_59_05_333.jpg, 0, 0, 0, 7.968656E-05
/Users/bb/Code/udacity/udacity-behavior-cloning/straight-after-curves/IMG/center_2018_07_31_08_59_05_440.jpg, /Users/bb/Code/udacity/udacity-behavior-cloning/straight-after-curves/IMG/left_2018_07_31_08_59_05_440.jpg, /Users/bb/Code/udacity/udacity-behavior-cloning/straight-after-curves/IMG/right_2018_07_31_08_59_05_440.jpg, 0, 0, 0, 7.794789E-05
/Users/bb/Code/udacity/udacity-behavior-cloning/straight-after-curves/IMG/center_2018_07_31_08_59_05_543.jpg, /Users/bb/Code/udacity/udacity-behavior-cloning/straight-after-curves/IMG/left_2018_07_31_08_59_05_543.jpg, /Users/bb/Code/udacity/udacity-behavior-cloning/straight-after-curves/IMG/right_2018_07_31_08_59_05_543.jpg, 0, 0, 0, 7.878964E-05
/Users/bb/Code/udacity/udacity-behavior-cloning/straight-after-curves/IMG/center_2018_07_31_08_59_05_646.jpg, /Users/bb/Code/udacity/udacity-behavior-cloning/straight-after-curves/IMG/left_2018_07_31_08_59_05_646.jpg, /Users/bb/Code/udacity/udacity-behavior-cloning/straight-after-curves/IMG/right_2018_07_31_08_59_05_646.jpg, 0, 0, 0, 7.770884E-05
/Users/bb/Code/udacity/udacity-behavior-cloning/straight-after-curves/IMG/center_2018_07_31_08_59_05_749.jpg, /Users/bb/Code/udacity/udacity-behavior-cloning/straight-after-curves/IMG/left_2018_07_31_08_59_05_749.jpg, /Users/bb/Code/udacity/udacity-behavior-cloning/straight-after-curves/IMG/right_2018_07_31_08_59_05_749.jpg, 0, 0, 0, 8.340942E-05
/Users/bb/Code/udacity/udacity-behavior-cloning/straight-after-curves/IMG/center_2018_07_31_08_59_05_856.jpg, /Users/bb/Code/udacity/udacity-behavior-cloning/straight-after-curves/IMG/left_2018_07_31_08_59_05_856.jpg, /Users/bb/Code/udacity/udacity-behavior-cloning/straight-after-curves/IMG/right_2018_07_31_08_59_05_856.jpg, 0, 0, 0, 7.83176E-05
/Users/bb/Code/udacity/udacity-behavior-cloning/straight-after-curves/IMG/center_2018_07_31_08_59_05_962.jpg, /Users/bb/Code/udacity/udacity-behavior-cloning/straight-after-curves/IMG/left_2018_07_31_08_59_05_962.jpg, /Users/bb/Code/udacity/udacity-behavior-cloning/straight-after-curves/IMG/right_2018_07_31_08_59_05_962.jpg, 0, 0, 0, 7.845255E-05
/Users/bb/Code/udacity/udacity-behavior-cloning/straight-after-curves/IMG/center_2018_07_31_08_59_06_065.jpg, /Users/bb/Code/udacity/udacity-behavior-cloning/straight-after-curves/IMG/left_2018_07_31_08_59_06_065.jpg, /Users/bb/Code/udacity/udacity-behavior-cloning/straight-after-curves/IMG/right_2018_07_31_08_59_06_065.jpg, 0, 0, 0, 7.781546E-05
/Users/bb/Code/udacity/udacity-behavior-cloning/straight-after-curves/IMG/center_2018_07_31_08_59_06_166.jpg, /Users/bb/Code/udacity/udacity-behavior-cloning/straight-after-curves/IMG/left_2018_07_31_08_59_06_166.jpg, /Users/bb/Code/udacity/udacity-behavior-cloning/straight-after-curves/IMG/right_2018_07_31_08_59_06_166.jpg, 0, 0, 0, 7.822285E-05
/Users/bb/Code/udacity/udacity-behavior-cloning/straight-after-curves/IMG/center_2018_07_31_08_59_06_269.jpg, /Users/bb/Code/udacity/udacity-behavior-cloning/straight-after-curves/IMG/left_2018_07_31_08_59_06_269.jpg, /Users/bb/Code/udacity/udacity-behavior-cloning/straight-after-curves/IMG/right_2018_07_31_08_59_06_269.jpg, 0, 0, 0, 7.971632E-05
/Users/bb/Code/udacity/udacity-behavior-cloning/straight-after-curves/IMG/center_2018_07_31_08_59_06_376.jpg, /Users/bb/Code/udacity/udacity-behavior-cloning/straight-after-curves/IMG/left_2018_07_31_08_59_06_376.jpg, /Users/bb/Code/udacity/udacity-behavior-cloning/straight-after-curves/IMG/right_2018_07_31_08_59_06_376.jpg, 0, 0, 0, 7.839267E-05
/Users/bb/Code/udacity/udacity-behavior-cloning/straight-after-curves/IMG/center_2018_07_31_08_59_06_484.jpg, /Users/bb/Code/udacity/udacity-behavior-cloning/straight-after-curves/IMG/left_2018_07_31_08_59_06_484.jpg, /Users/bb/Code/udacity/udacity-behavior-cloning/straight-after-curves/IMG/right_2018_07_31_08_59_06_484.jpg, 0, 0, 0, 7.883574E-05
/Users/bb/Code/udacity/udacity-behavior-cloning/straight-after-curves/IMG/center_2018_07_31_08_59_06_590.jpg, /Users/bb/Code/udacity/udacity-behavior-cloning/straight-after-curves/IMG/left_2018_07_31_08_59_06_590.jpg, /Users/bb/Code/udacity/udacity-behavior-cloning/straight-after-curves/IMG/right_2018_07_31_08_59_06_590.jpg, 0, 0, 0, 7.945787E-05
/Users/bb/Code/udacity/udacity-behavior-cloning/straight-after-curves/IMG/center_2018_07_31_08_59_06_696.jpg, /Users/bb/Code/udacity/udacity-behavior-cloning/straight-after-curves/IMG/left_2018_07_31_08_59_06_696.jpg, /Users/bb/Code/udacity/udacity-behavior-cloning/straight-after-curves/IMG/right_2018_07_31_08_59_06_696.jpg, 0, 0, 0, 8.043846E-05
/Users/bb/Code/udacity/udacity-behavior-cloning/straight-after-curves/IMG/center_2018_07_31_08_59_06_799.jpg, /Users/bb/Code/udacity/udacity-behavior-cloning/straight-after-curves/IMG/left_2018_07_31_08_59_06_799.jpg, /Users/bb/Code/udacity/udacity-behavior-cloning/straight-after-curves/IMG/right_2018_07_31_08_59_06_799.jpg, 0, 0, 0, 7.81268E-05
/Users/bb/Code/udacity/udacity-behavior-cloning/straight-after-curves/IMG/center_2018_07_31_08_59_06_905.jpg, /Users/bb/Code/udacity/udacity-behavior-cloning/straight-after-curves/IMG/left_2018_07_31_08_59_06_905.jpg, /Users/bb/Code/udacity/udacity-behavior-cloning/straight-after-curves/IMG/right_2018_07_31_08_59_06_905.jpg, 0, 0, 0, 7.817712E-05
/Users/bb/Code/udacity/udacity-behavior-cloning/straight-after-curves/IMG/center_2018_07_31_08_59_07_011.jpg, /Users/bb/Code/udacity/udacity-behavior-cloning/straight-after-curves/IMG/left_2018_07_31_08_59_07_011.jpg, /Users/bb/Code/udacity/udacity-behavior-cloning/straight-after-curves/IMG/right_2018_07_31_08_59_07_011.jpg, 0, 0, 0, 7.809747E-05
/Users/bb/Code/udacity/udacity-behavior-cloning/straight-after-curves/IMG/center_2018_07_31_08_59_07_111.jpg, /Users/bb/Code/udacity/udacity-behavior-cloning/straight-after-curves/IMG/left_2018_07_31_08_59_07_111.jpg, /Users/bb/Code/udacity/udacity-behavior-cloning/straight-after-curves/IMG/right_2018_07_31_08_59_07_111.jpg, 0, 0, 0, 7.799209E-05
/Users/bb/Code/udacity/udacity-behavior-cloning/straight-after-curves/IMG/center_2018_07_31_08_59_07_212.jpg, /Users/bb/Code/udacity/udacity-behavior-cloning/straight-after-curves/IMG/left_2018_07_31_08_59_07_212.jpg, /Users/bb/Code/udacity/udacity-behavior-cloning/straight-after-curves/IMG/right_2018_07_31_08_59_07_212.jpg, 0, 0, 0, 8.040853E-05
/Users/bb/Code/udacity/udacity-behavior-cloning/straight-after-curves/IMG/center_2018_07_31_08_59_07_318.jpg, /Users/bb/Code/udacity/udacity-behavior-cloning/straight-after-curves/IMG/left_2018_07_31_08_59_07_318.jpg, /Users/bb/Code/udacity/udacity-behavior-cloning/straight-after-curves/IMG/right_2018_07_31_08_59_07_318.jpg, 0, 0, 0, 7.779662E-05
/Users/bb/Code/udacity/udacity-behavior-cloning/straight-after-curves/IMG/center_2018_07_31_08_59_07_421.jpg, /Users/bb/Code/udacity/udacity-behavior-cloning/straight-after-curves/IMG/left_2018_07_31_08_59_07_421.jpg, /Users/bb/Code/udacity/udacity-behavior-cloning/straight-after-curves/IMG/right_2018_07_31_08_59_07_421.jpg, 0, 0, 0, 7.784121E-05
/Users/bb/Code/udacity/udacity-behavior-cloning/straight-after-curves/IMG/center_2018_07_31_08_59_08_084.jpg, /Users/bb/Code/udacity/udacity-behavior-cloning/straight-after-curves/IMG/left_2018_07_31_08_59_08_084.jpg, /Users/bb/Code/udacity/udacity-behavior-cloning/straight-after-curves/IMG/right_2018_07_31_08_59_08_084.jpg, 0, 0, 0, 7.923495E-05
/Users/bb/Code/udacity/udacity-behavior-cloning/straight-after-curves/IMG/center_2018_07_31_08_59_08_201.jpg, /Users/bb/Code/udacity/udacity-behavior-cloning/straight-after-curves/IMG/left_2018_07_31_08_59_08_201.jpg, /Users/bb/Code/udacity/udacity-behavior-cloning/straight-after-curves/IMG/right_2018_07_31_08_59_08_201.jpg, 0, 0, 0, 7.930999E-05
/Users/bb/Code/udacity/udacity-behavior-cloning/straight-after-curves/IMG/center_2018_07_31_08_59_08_301.jpg, /Users/bb/Code/udacity/udacity-behavior-cloning/straight-after-curves/IMG/left_2018_07_31_08_59_08_301.jpg, /Users/bb/Code/udacity/udacity-behavior-cloning/straight-after-curves/IMG/right_2018_07_31_08_59_08_301.jpg, 0, 0, 0, 7.814346E-05
/Users/bb/Code/udacity/udacity-behavior-cloning/straight-after-curves/IMG/center_2018_07_31_08_59_08_402.jpg, /Users/bb/Code/udacity/udacity-behavior-cloning/straight-after-curves/IMG/left_2018_07_31_08_59_08_402.jpg, /Users/bb/Code/udacity/udacity-behavior-cloning/straight-after-curves/IMG/right_2018_07_31_08_59_08_402.jpg, 0, 0, 0, 7.803133E-05
/Users/bb/Code/udacity/udacity-behavior-cloning/straight-after-curves/IMG/center_2018_07_31_08_59_08_505.jpg, /Users/bb/Code/udacity/udacity-behavior-cloning/straight-after-curves/IMG/left_2018_07_31_08_59_08_505.jpg, /Users/bb/Code/udacity/udacity-behavior-cloning/straight-after-curves/IMG/right_2018_07_31_08_59_08_505.jpg, 0, 0, 0, 7.788209E-05
/Users/bb/Code/udacity/udacity-behavior-cloning/straight-after-curves/IMG/center_2018_07_31_08_59_56_726.jpg, /Users/bb/Code/udacity/udacity-behavior-cloning/straight-after-curves/IMG/left_2018_07_31_08_59_56_726.jpg, /Users/bb/Code/udacity/udacity-behavior-cloning/straight-after-curves/IMG/right_2018_07_31_08_59_56_726.jpg, 0, 0, 0, 21.60937
/Users/bb/Code/udacity/udacity-behavior-cloning/straight-after-curves/IMG/center_2018_07_31_08_59_56_826.jpg, /Users/bb/Code/udacity/udacity-behavior-cloning/straight-after-curves/IMG/left_2018_07_31_08_59_56_826.jpg, /Users/bb/Code/udacity/udacity-behavior-cloning/straight-after-curves/IMG/right_2018_07_31_08_59_56_826.jpg, 0, 0, 0, 21.3921
/Users/bb/Code/udacity/udacity-behavior-cloning/straight-after-curves/IMG/center_2018_07_31_08_59_56_932.jpg, /Users/bb/Code/udacity/udacity-behavior-cloning/straight-after-curves/IMG/left_2018_07_31_08_59_56_932.jpg, /Users/bb/Code/udacity/udacity-behavior-cloning/straight-after-curves/IMG/right_2018_07_31_08_59_56_932.jpg, 0, 0, 0, 21.17686
/Users/bb/Code/udacity/udacity-behavior-cloning/straight-after-curves/IMG/center_2018_07_31_08_59_57_038.jpg, /Users/bb/Code/udacity/udacity-behavior-cloning/straight-after-curves/IMG/left_2018_07_31_08_59_57_038.jpg, /Users/bb/Code/udacity/udacity-behavior-cloning/straight-after-curves/IMG/right_2018_07_31_08_59_57_038.jpg, -0.156435, 0, 0, 20.91291
/Users/bb/Code/udacity/udacity-behavior-cloning/straight-after-curves/IMG/center_2018_07_31_08_59_57_141.jpg, /Users/bb/Code/udacity/udacity-behavior-cloning/straight-after-curves/IMG/left_2018_07_31_08_59_57_141.jpg, /Users/bb/Code/udacity/udacity-behavior-cloning/straight-after-curves/IMG/right_2018_07_31_08_59_57_141.jpg, -0.4651981, 0, 0, 20.59183
/Users/bb/Code/udacity/udacity-behavior-cloning/straight-after-curves/IMG/center_2018_07_31_08_59_57_244.jpg, /Users/bb/Code/udacity/udacity-behavior-cloning/straight-after-curves/IMG/left_2018_07_31_08_59_57_244.jpg, /Users/bb/Code/udacity/udacity-behavior-cloning/straight-after-curves/IMG/right_2018_07_31_08_59_57_244.jpg, -0.1872121, 0, 0, 20.35911
/Users/bb/Code/udacity/udacity-behavior-cloning/straight-after-curves/IMG/center_2018_07_31_08_59_57_345.jpg, /Users/bb/Code/udacity/udacity-behavior-cloning/straight-after-curves/IMG/left_2018_07_31_08_59_57_345.jpg, /Users/bb/Code/udacity/udacity-behavior-cloning/straight-after-curves/IMG/right_2018_07_31_08_59_57_345.jpg, 0, 0, 0, 20.14913
/Users/bb/Code/udacity/udacity-behavior-cloning/straight-after-curves/IMG/center_2018_07_31_08_59_57_451.jpg, /Users/bb/Code/udacity/udacity-behavior-cloning/straight-after-curves/IMG/left_2018_07_31_08_59_57_451.jpg, /Users/bb/Code/udacity/udacity-behavior-cloning/straight-after-curves/IMG/right_2018_07_31_08_59_57_451.jpg, -0.0837121, 0, 0, 19.92592
/Users/bb/Code/udacity/udacity-behavior-cloning/straight-after-curves/IMG/center_2018_07_31_08_59_57_551.jpg, /Users/bb/Code/udacity/udacity-behavior-cloning/straight-after-curves/IMG/left_2018_07_31_08_59_57_551.jpg, /Users/bb/Code/udacity/udacity-behavior-cloning/straight-after-curves/IMG/right_2018_07_31_08_59_57_551.jpg, -0.3801749, 0, 0, 19.7177
/Users/bb/Code/udacity/udacity-behavior-cloning/straight-after-curves/IMG/center_2018_07_31_08_59_57_662.jpg, /Users/bb/Code/udacity/udacity-behavior-cloning/straight-after-curves/IMG/left_2018_07_31_08_59_57_662.jpg, /Users/bb/Code/udacity/udacity-behavior-cloning/straight-after-curves/IMG/right_2018_07_31_08_59_57_662.jpg, -0.02085257, 0, 0, 19.52734
/Users/bb/Code/udacity/udacity-behavior-cloning/straight-after-curves/IMG/center_2018_07_31_08_59_57_764.jpg, /Users/bb/Code/udacity/udacity-behavior-cloning/straight-after-curves/IMG/left_2018_07_31_08_59_57_764.jpg, /Users/bb/Code/udacity/udacity-behavior-cloning/straight-after-curves/IMG/right_2018_07_31_08_59_57_764.jpg, 0, 0, 0, 19.03374
/Users/bb/Code/udacity/udacity-behavior-cloning/straight-after-curves/IMG/center_2018_07_31_08_59_57_869.jpg, /Users/bb/Code/udacity/udacity-behavior-cloning/straight-after-curves/IMG/left_2018_07_31_08_59_57_869.jpg, /Users/bb/Code/udacity/udacity-behavior-cloning/straight-after-curves/IMG/right_2018_07_31_08_59_57_869.jpg, -0.208212, 0, 0, 19.19361
/Users/bb/Code/udacity/udacity-behavior-cloning/straight-after-curves/IMG/center_2018_07_31_08_59_57_973.jpg, /Users/bb/Code/udacity/udacity-behavior-cloning/straight-after-curves/IMG/left_2018_07_31_08_59_57_973.jpg, /Users/bb/Code/udacity/udacity-behavior-cloning/straight-after-curves/IMG/right_2018_07_31_08_59_57_973.jpg, -0.1150886, 0, 0, 18.55854
/Users/bb/Code/udacity/udacity-behavior-cloning/straight-after-curves/IMG/center_2018_07_31_08_59_58_074.jpg, /Users/bb/Code/udacity/udacity-behavior-cloning/straight-after-curves/IMG/left_2018_07_31_08_59_58_074.jpg, /Users/bb/Code/udacity/udacity-behavior-cloning/straight-after-curves/IMG/right_2018_07_31_08_59_58_074.jpg, 0, 0, 0, 18.29968
/Users/bb/Code/udacity/udacity-behavior-cloning/straight-after-curves/IMG/center_2018_07_31_08_59_58_183.jpg, /Users/bb/Code/udacity/udacity-behavior-cloning/straight-after-curves/IMG/left_2018_07_31_08_59_58_183.jpg, /Users/bb/Code/udacity/udacity-behavior-cloning/straight-after-curves/IMG/right_2018_07_31_08_59_58_183.jpg, 0, 0, 0, 18.60153
/Users/bb/Code/udacity/udacity-behavior-cloning/straight-after-curves/IMG/center_2018_07_31_08_59_58_285.jpg, /Users/bb/Code/udacity/udacity-behavior-cloning/straight-after-curves/IMG/left_2018_07_31_08_59_58_285.jpg, /Users/bb/Code/udacity/udacity-behavior-cloning/straight-after-curves/IMG/right_2018_07_31_08_59_58_285.jpg, -0.3048213, 0, 0, 17.89839
/Users/bb/Code/udacity/udacity-behavior-cloning/straight-after-curves/IMG/center_2018_07_31_08_59_58_391.jpg, /Users/bb/Code/udacity/udacity-behavior-cloning/straight-after-curves/IMG/left_2018_07_31_08_59_58_391.jpg, /Users/bb/Code/udacity/udacity-behavior-cloning/straight-after-curves/IMG/right_2018_07_31_08_59_58_391.jpg, -0.1724102, 0, 0, 18.16128
/Users/bb/Code/udacity/udacity-behavior-cloning/straight-after-curves/IMG/center_2018_07_31_08_59_58_502.jpg, /Users/bb/Code/udacity/udacity-behavior-cloning/straight-after-curves/IMG/left_2018_07_31_08_59_58_502.jpg, /Users/bb/Code/udacity/udacity-behavior-cloning/straight-after-curves/IMG/right_2018_07_31_08_59_58_502.jpg, 0, 0, 0, 17.94394
/Users/bb/Code/udacity/udacity-behavior-cloning/straight-after-curves/IMG/center_2018_07_31_08_59_58_608.jpg, /Users/bb/Code/udacity/udacity-behavior-cloning/straight-after-curves/IMG/left_2018_07_31_08_59_58_608.jpg, /Users/bb/Code/udacity/udacity-behavior-cloning/straight-after-curves/IMG/right_2018_07_31_08_59_58_608.jpg, 0, 0, 0, 17.23611
/Users/bb/Code/udacity/udacity-behavior-cloning/straight-after-curves/IMG/center_2018_07_31_09_00_13_468.jpg, /Users/bb/Code/udacity/udacity-behavior-cloning/straight-after-curves/IMG/left_2018_07_31_09_00_13_468.jpg, /Users/bb/Code/udacity/udacity-behavior-cloning/straight-after-curves/IMG/right_2018_07_31_09_00_13_468.jpg, 0, 0, 0, 12.54262
/Users/bb/Code/udacity/udacity-behavior-cloning/straight-after-curves/IMG/center_2018_07_31_09_00_13_580.jpg, /Users/bb/Code/udacity/udacity-behavior-cloning/straight-after-curves/IMG/left_2018_07_31_09_00_13_580.jpg, /Users/bb/Code/udacity/udacity-behavior-cloning/straight-after-curves/IMG/right_2018_07_31_09_00_13_580.jpg, 0, 0, 0, 12.38525
/Users/bb/Code/udacity/udacity-behavior-cloning/straight-after-curves/IMG/center_2018_07_31_09_00_13_682.jpg, /Users/bb/Code/udacity/udacity-behavior-cloning/straight-after-curves/IMG/left_2018_07_31_09_00_13_682.jpg, /Users/bb/Code/udacity/udacity-behavior-cloning/straight-after-curves/IMG/right_2018_07_31_09_00_13_682.jpg, 0.1743211, 0, 0, 12.7993
/Users/bb/Code/udacity/udacity-behavior-cloning/straight-after-curves/IMG/center_2018_07_31_09_00_13_782.jpg, /Users/bb/Code/udacity/udacity-behavior-cloning/straight-after-curves/IMG/left_2018_07_31_09_00_13_782.jpg, /Users/bb/Code/udacity/udacity-behavior-cloning/straight-after-curves/IMG/right_2018_07_31_09_00_13_782.jpg, 0.4514279, 0, 0, 12.06755
/Users/bb/Code/udacity/udacity-behavior-cloning/straight-after-curves/IMG/center_2018_07_31_09_00_13_888.jpg, /Users/bb/Code/udacity/udacity-behavior-cloning/straight-after-curves/IMG/left_2018_07_31_09_00_13_888.jpg, /Users/bb/Code/udacity/udacity-behavior-cloning/straight-after-curves/IMG/right_2018_07_31_09_00_13_888.jpg, 0.6541017, 0, 0, 12.35883
/Users/bb/Code/udacity/udacity-behavior-cloning/straight-after-curves/IMG/center_2018_07_31_09_00_13_995.jpg, /Users/bb/Code/udacity/udacity-behavior-cloning/straight-after-curves/IMG/left_2018_07_31_09_00_13_995.jpg, /Users/bb/Code/udacity/udacity-behavior-cloning/straight-after-curves/IMG/right_2018_07_31_09_00_13_995.jpg, 0.3080667, 0, 0, 12.22697
/Users/bb/Code/udacity/udacity-behavior-cloning/straight-after-curves/IMG/center_2018_07_31_09_00_14_097.jpg, /Users/bb/Code/udacity/udacity-behavior-cloning/straight-after-curves/IMG/left_2018_07_31_09_00_14_097.jpg, /Users/bb/Code/udacity/udacity-behavior-cloning/straight-after-curves/IMG/right_2018_07_31_09_00_14_097.jpg, 0.3107311, 0, 0, 11.54727
/Users/bb/Code/udacity/udacity-behavior-cloning/straight-after-curves/IMG/center_2018_07_31_09_00_14_202.jpg, /Users/bb/Code/udacity/udacity-behavior-cloning/straight-after-curves/IMG/left_2018_07_31_09_00_14_202.jpg, /Users/bb/Code/udacity/udacity-behavior-cloning/straight-after-curves/IMG/right_2018_07_31_09_00_14_202.jpg, 0.625695, 0, 0, 11.89316
/Users/bb/Code/udacity/udacity-behavior-cloning/straight-after-curves/IMG/center_2018_07_31_09_00_14_306.jpg, /Users/bb/Code/udacity/udacity-behavior-cloning/straight-after-curves/IMG/left_2018_07_31_09_00_14_306.jpg, /Users/bb/Code/udacity/udacity-behavior-cloning/straight-after-curves/IMG/right_2018_07_31_09_00_14_306.jpg, 0.9128548, 0, 0, 11.48823
/Users/bb/Code/udacity/udacity-behavior-cloning/straight-after-curves/IMG/center_2018_07_31_09_00_14_408.jpg, /Users/bb/Code/udacity/udacity-behavior-cloning/straight-after-curves/IMG/left_2018_07_31_09_00_14_408.jpg, /Users/bb/Code/udacity/udacity-behavior-cloning/straight-after-curves/IMG/right_2018_07_31_09_00_14_408.jpg, 0.784114, 0, 0, 11.24799
/Users/bb/Code/udacity/udacity-behavior-cloning/straight-after-curves/IMG/center_2018_07_31_09_00_14_518.jpg, /Users/bb/Code/udacity/udacity-behavior-cloning/straight-after-curves/IMG/left_2018_07_31_09_00_14_518.jpg, /Users/bb/Code/udacity/udacity-behavior-cloning/straight-after-curves/IMG/right_2018_07_31_09_00_14_518.jpg, 0.8454214, 0, 0, 11.1042
/Users/bb/Code/udacity/udacity-behavior-cloning/straight-after-curves/IMG/center_2018_07_31_09_00_14_624.jpg, /Users/bb/Code/udacity/udacity-behavior-cloning/straight-after-curves/IMG/left_2018_07_31_09_00_14_624.jpg, /Users/bb/Code/udacity/udacity-behavior-cloning/straight-after-curves/IMG/right_2018_07_31_09_00_14_624.jpg, 0.5271544, 0, 0, 11.01836
/Users/bb/Code/udacity/udacity-behavior-cloning/straight-after-curves/IMG/center_2018_07_31_09_00_14_725.jpg, /Users/bb/Code/udacity/udacity-behavior-cloning/straight-after-curves/IMG/left_2018_07_31_09_00_14_725.jpg, /Users/bb/Code/udacity/udacity-behavior-cloning/straight-after-curves/IMG/right_2018_07_31_09_00_14_725.jpg, 0.2492765, 0, 0, 10.92918
/Users/bb/Code/udacity/udacity-behavior-cloning/straight-after-curves/IMG/center_2018_07_31_09_00_14_828.jpg, /Users/bb/Code/udacity/udacity-behavior-cloning/straight-after-curves/IMG/left_2018_07_31_09_00_14_828.jpg, /Users/bb/Code/udacity/udacity-behavior-cloning/straight-after-curves/IMG/right_2018_07_31_09_00_14_828.jpg, 0, 0, 0, 10.80173
/Users/bb/Code/udacity/udacity-behavior-cloning/straight-after-curves/IMG/center_2018_07_31_09_00_14_935.jpg, /Users/bb/Code/udacity/udacity-behavior-cloning/straight-after-curves/IMG/left_2018_07_31_09_00_14_935.jpg, /Users/bb/Code/udacity/udacity-behavior-cloning/straight-after-curves/IMG/right_2018_07_31_09_00_14_935.jpg, 0, 0, 0, 10.66654
/Users/bb/Code/udacity/udacity-behavior-cloning/straight-after-curves/IMG/center_2018_07_31_09_00_15_039.jpg, /Users/bb/Code/udacity/udacity-behavior-cloning/straight-after-curves/IMG/left_2018_07_31_09_00_15_039.jpg, /Users/bb/Code/udacity/udacity-behavior-cloning/straight-after-curves/IMG/right_2018_07_31_09_00_15_039.jpg, -0.3124859, 0, 0, 10.5251
/Users/bb/Code/udacity/udacity-behavior-cloning/straight-after-curves/IMG/center_2018_07_31_09_00_15_140.jpg, /Users/bb/Code/udacity/udacity-behavior-cloning/straight-after-curves/IMG/left_2018_07_31_09_00_15_140.jpg, /Users/bb/Code/udacity/udacity-behavior-cloning/straight-after-curves/IMG/right_2018_07_31_09_00_15_140.jpg, -0.4582021, 0, 0, 10.33955
/Users/bb/Code/udacity/udacity-behavior-cloning/straight-after-curves/IMG/center_2018_07_31_09_00_15_243.jpg, /Users/bb/Code/udacity/udacity-behavior-cloning/straight-after-curves/IMG/left_2018_07_31_09_00_15_243.jpg, /Users/bb/Code/udacity/udacity-behavior-cloning/straight-after-curves/IMG/right_2018_07_31_09_00_15_243.jpg, -0.2758141, 0, 0, 10.2426
/Users/bb/Code/udacity/udacity-behavior-cloning/straight-after-curves/IMG/center_2018_07_31_09_00_15_346.jpg, /Users/bb/Code/udacity/udacity-behavior-cloning/straight-after-curves/IMG/left_2018_07_31_09_00_15_346.jpg, /Users/bb/Code/udacity/udacity-behavior-cloning/straight-after-curves/IMG/right_2018_07_31_09_00_15_346.jpg, -0.5838962, 0, 0, 10.09691
/Users/bb/Code/udacity/udacity-behavior-cloning/straight-after-curves/IMG/center_2018_07_31_09_00_15_449.jpg, /Users/bb/Code/udacity/udacity-behavior-cloning/straight-after-curves/IMG/left_2018_07_31_09_00_15_449.jpg, /Users/bb/Code/udacity/udacity-behavior-cloning/straight-after-curves/IMG/right_2018_07_31_09_00_15_449.jpg, -0.4448344, 0, 0, 9.959937
/Users/bb/Code/udacity/udacity-behavior-cloning/straight-after-curves/IMG/center_2018_07_31_09_00_15_556.jpg, /Users/bb/Code/udacity/udacity-behavior-cloning/straight-after-curves/IMG/left_2018_07_31_09_00_15_556.jpg, /Users/bb/Code/udacity/udacity-behavior-cloning/straight-after-curves/IMG/right_2018_07_31_09_00_15_556.jpg, -0.3573246, 0, 0, 9.852777
/Users/bb/Code/udacity/udacity-behavior-cloning/straight-after-curves/IMG/center_2018_07_31_09_00_15_665.jpg, /Users/bb/Code/udacity/udacity-behavior-cloning/straight-after-curves/IMG/left_2018_07_31_09_00_15_665.jpg, /Users/bb/Code/udacity/udacity-behavior-cloning/straight-after-curves/IMG/right_2018_07_31_09_00_15_665.jpg, -0.5459136, 0, 0, 9.706314
/Users/bb/Code/udacity/udacity-behavior-cloning/straight-after-curves/IMG/center_2018_07_31_09_00_15_772.jpg, /Users/bb/Code/udacity/udacity-behavior-cloning/straight-after-curves/IMG/left_2018_07_31_09_00_15_772.jpg, /Users/bb/Code/udacity/udacity-behavior-cloning/straight-after-curves/IMG/right_2018_07_31_09_00_15_772.jpg, -0.2471466, 0, 0, 9.621043
/Users/bb/Code/udacity/udacity-behavior-cloning/straight-after-curves/IMG/center_2018_07_31_09_00_15_878.jpg, /Users/bb/Code/udacity/udacity-behavior-cloning/straight-after-curves/IMG/left_2018_07_31_09_00_15_878.jpg, /Users/bb/Code/udacity/udacity-behavior-cloning/straight-after-curves/IMG/right_2018_07_31_09_00_15_878.jpg, 0, 0, 0, 9.491564
/Users/bb/Code/udacity/udacity-behavior-cloning/straight-after-curves/IMG/center_2018_07_31_09_00_15_982.jpg, /Users/bb/Code/udacity/udacity-behavior-cloning/straight-after-curves/IMG/left_2018_07_31_09_00_15_982.jpg, /Users/bb/Code/udacity/udacity-behavior-cloning/straight-after-curves/IMG/right_2018_07_31_09_00_15_982.jpg, 0, 0, 0, 9.394621
/Users/bb/Code/udacity/udacity-behavior-cloning/straight-after-curves/IMG/center_2018_07_31_09_00_16_086.jpg, /Users/bb/Code/udacity/udacity-behavior-cloning/straight-after-curves/IMG/left_2018_07_31_09_00_16_086.jpg, /Users/bb/Code/udacity/udacity-behavior-cloning/straight-after-curves/IMG/right_2018_07_31_09_00_16_086.jpg, 0, 0, 0, 9.300218
/Users/bb/Code/udacity/udacity-behavior-cloning/straight-after-curves/IMG/center_2018_07_31_09_00_16_186.jpg, /Users/bb/Code/udacity/udacity-behavior-cloning/straight-after-curves/IMG/left_2018_07_31_09_00_16_186.jpg, /Users/bb/Code/udacity/udacity-behavior-cloning/straight-after-curves/IMG/right_2018_07_31_09_00_16_186.jpg, 0, 0, 0, 9.206862
/Users/bb/Code/udacity/udacity-behavior-cloning/straight-after-curves/IMG/center_2018_07_31_09_00_16_288.jpg, /Users/bb/Code/udacity/udacity-behavior-cloning/straight-after-curves/IMG/left_2018_07_31_09_00_16_288.jpg, /Users/bb/Code/udacity/udacity-behavior-cloning/straight-after-curves/IMG/right_2018_07_31_09_00_16_288.jpg, 0, 0, 0, 9.11445
/Users/bb/Code/udacity/udacity-behavior-cloning/straight-after-curves/IMG/center_2018_07_31_09_00_16_389.jpg, /Users/bb/Code/udacity/udacity-behavior-cloning/straight-after-curves/IMG/left_2018_07_31_09_00_16_389.jpg, /Users/bb/Code/udacity/udacity-behavior-cloning/straight-after-curves/IMG/right_2018_07_31_09_00_16_389.jpg, 0, 0, 0, 9.022969
/Users/bb/Code/udacity/udacity-behavior-cloning/straight-after-curves/IMG/center_2018_07_31_09_00_16_497.jpg, /Users/bb/Code/udacity/udacity-behavior-cloning/straight-after-curves/IMG/left_2018_07_31_09_00_16_497.jpg, /Users/bb/Code/udacity/udacity-behavior-cloning/straight-after-curves/IMG/right_2018_07_31_09_00_16_497.jpg, 0, 0, 0, 8.914404
/Users/bb/Code/udacity/udacity-behavior-cloning/straight-after-curves/IMG/center_2018_07_31_09_00_16_601.jpg, /Users/bb/Code/udacity/udacity-behavior-cloning/straight-after-curves/IMG/left_2018_07_31_09_00_16_601.jpg, /Users/bb/Code/udacity/udacity-behavior-cloning/straight-after-curves/IMG/right_2018_07_31_09_00_16_601.jpg, 0, 0, 0, 8.824934
/Users/bb/Code/udacity/udacity-behavior-cloning/straight-after-curves/IMG/center_2018_07_31_09_00_16_701.jpg, /Users/bb/Code/udacity/udacity-behavior-cloning/straight-after-curves/IMG/left_2018_07_31_09_00_16_701.jpg, /Users/bb/Code/udacity/udacity-behavior-cloning/straight-after-curves/IMG/right_2018_07_31_09_00_16_701.jpg, 0, 0, 0, 8.736362
/Users/bb/Code/udacity/udacity-behavior-cloning/straight-after-curves/IMG/center_2018_07_31_09_00_16_805.jpg, /Users/bb/Code/udacity/udacity-behavior-cloning/straight-after-curves/IMG/left_2018_07_31_09_00_16_805.jpg, /Users/bb/Code/udacity/udacity-behavior-cloning/straight-after-curves/IMG/right_2018_07_31_09_00_16_805.jpg, 0, 0, 0, 8.648676
/Users/bb/Code/udacity/udacity-behavior-cloning/straight-after-curves/IMG/center_2018_07_31_09_00_16_911.jpg, /Users/bb/Code/udacity/udacity-behavior-cloning/straight-after-curves/IMG/left_2018_07_31_09_00_16_911.jpg, /Users/bb/Code/udacity/udacity-behavior-cloning/straight-after-curves/IMG/right_2018_07_31_09_00_16_911.jpg, 0, 0, 0, 8.561874
/Users/bb/Code/udacity/udacity-behavior-cloning/straight-after-curves/IMG/center_2018_07_31_09_00_17_013.jpg, /Users/bb/Code/udacity/udacity-behavior-cloning/straight-after-curves/IMG/left_2018_07_31_09_00_17_013.jpg, /Users/bb/Code/udacity/udacity-behavior-cloning/straight-after-curves/IMG/right_2018_07_31_09_00_17_013.jpg, 0, 0, 0, 8.475943
/Users/bb/Code/udacity/udacity-behavior-cloning/straight-after-curves/IMG/center_2018_07_31_09_00_17_116.jpg, /Users/bb/Code/udacity/udacity-behavior-cloning/straight-after-curves/IMG/left_2018_07_31_09_00_17_116.jpg, /Users/bb/Code/udacity/udacity-behavior-cloning/straight-after-curves/IMG/right_2018_07_31_09_00_17_116.jpg, 0, 0, 0, 8.373964
/Users/bb/Code/udacity/udacity-behavior-cloning/straight-after-curves/IMG/center_2018_07_31_09_00_26_823.jpg, /Users/bb/Code/udacity/udacity-behavior-cloning/straight-after-curves/IMG/left_2018_07_31_09_00_26_823.jpg, /Users/bb/Code/udacity/udacity-behavior-cloning/straight-after-curves/IMG/right_2018_07_31_09_00_26_823.jpg, 0, 0, 0, 11.1101
/Users/bb/Code/udacity/udacity-behavior-cloning/straight-after-curves/IMG/center_2018_07_31_09_00_26_930.jpg, /Users/bb/Code/udacity/udacity-behavior-cloning/straight-after-curves/IMG/left_2018_07_31_09_00_26_930.jpg, /Users/bb/Code/udacity/udacity-behavior-cloning/straight-after-curves/IMG/right_2018_07_31_09_00_26_930.jpg, 0, 0, 0, 11.00485
/Users/bb/Code/udacity/udacity-behavior-cloning/straight-after-curves/IMG/center_2018_07_31_09_00_27_033.jpg, /Users/bb/Code/udacity/udacity-behavior-cloning/straight-after-curves/IMG/left_2018_07_31_09_00_27_033.jpg, /Users/bb/Code/udacity/udacity-behavior-cloning/straight-after-curves/IMG/right_2018_07_31_09_00_27_033.jpg, 0, 0, 0, 10.9009
/Users/bb/Code/udacity/udacity-behavior-cloning/straight-after-curves/IMG/center_2018_07_31_09_00_27_135.jpg, /Users/bb/Code/udacity/udacity-behavior-cloning/straight-after-curves/IMG/left_2018_07_31_09_00_27_135.jpg, /Users/bb/Code/udacity/udacity-behavior-cloning/straight-after-curves/IMG/right_2018_07_31_09_00_27_135.jpg, 0, 0, 0, 10.77361
/Users/bb/Code/udacity/udacity-behavior-cloning/straight-after-curves/IMG/center_2018_07_31_09_00_27_238.jpg, /Users/bb/Code/udacity/udacity-behavior-cloning/straight-after-curves/IMG/left_2018_07_31_09_00_27_238.jpg, /Users/bb/Code/udacity/udacity-behavior-cloning/straight-after-curves/IMG/right_2018_07_31_09_00_27_238.jpg, 0, 0, 0, 10.6682
/Users/bb/Code/udacity/udacity-behavior-cloning/straight-after-curves/IMG/center_2018_07_31_09_00_27_337.jpg, /Users/bb/Code/udacity/udacity-behavior-cloning/straight-after-curves/IMG/left_2018_07_31_09_00_27_337.jpg, /Users/bb/Code/udacity/udacity-behavior-cloning/straight-after-curves/IMG/right_2018_07_31_09_00_27_337.jpg, 0, 0, 0, 10.56391
/Users/bb/Code/udacity/udacity-behavior-cloning/straight-after-curves/IMG/center_2018_07_31_09_00_27_441.jpg, /Users/bb/Code/udacity/udacity-behavior-cloning/straight-after-curves/IMG/left_2018_07_31_09_00_27_441.jpg, /Users/bb/Code/udacity/udacity-behavior-cloning/straight-after-curves/IMG/right_2018_07_31_09_00_27_441.jpg, 0, 0, 0, 10.46079
/Users/bb/Code/udacity/udacity-behavior-cloning/straight-after-curves/IMG/center_2018_07_31_09_00_27_551.jpg, /Users/bb/Code/udacity/udacity-behavior-cloning/straight-after-curves/IMG/left_2018_07_31_09_00_27_551.jpg, /Users/bb/Code/udacity/udacity-behavior-cloning/straight-after-curves/IMG/right_2018_07_31_09_00_27_551.jpg, 0, 0, 0, 10.35877
/Users/bb/Code/udacity/udacity-behavior-cloning/straight-after-curves/IMG/center_2018_07_31_09_00_27_656.jpg, /Users/bb/Code/udacity/udacity-behavior-cloning/straight-after-curves/IMG/left_2018_07_31_09_00_27_656.jpg, /Users/bb/Code/udacity/udacity-behavior-cloning/straight-after-curves/IMG/right_2018_07_31_09_00_27_656.jpg, 0.3467038, 0, 0, 10.198
/Users/bb/Code/udacity/udacity-behavior-cloning/straight-after-curves/IMG/center_2018_07_31_09_00_27_763.jpg, /Users/bb/Code/udacity/udacity-behavior-cloning/straight-after-curves/IMG/left_2018_07_31_09_00_27_763.jpg, /Users/bb/Code/udacity/udacity-behavior-cloning/straight-after-curves/IMG/right_2018_07_31_09_00_27_763.jpg, 0.6677309, 0, 0, 9.992856
/Users/bb/Code/udacity/udacity-behavior-cloning/straight-after-curves/IMG/center_2018_07_31_09_00_27_869.jpg, /Users/bb/Code/udacity/udacity-behavior-cloning/straight-after-curves/IMG/left_2018_07_31_09_00_27_869.jpg, /Users/bb/Code/udacity/udacity-behavior-cloning/straight-after-curves/IMG/right_2018_07_31_09_00_27_869.jpg, 0.89613, 0, 0, 9.738706
/Users/bb/Code/udacity/udacity-behavior-cloning/straight-after-curves/IMG/center_2018_07_31_09_00_27_973.jpg, /Users/bb/Code/udacity/udacity-behavior-cloning/straight-after-curves/IMG/left_2018_07_31_09_00_27_973.jpg, /Users/bb/Code/udacity/udacity-behavior-cloning/straight-after-curves/IMG/right_2018_07_31_09_00_27_973.jpg, 0.618585, 0, 0, 9.647216
/Users/bb/Code/udacity/udacity-behavior-cloning/straight-after-curves/IMG/center_2018_07_31_09_00_28_077.jpg, /Users/bb/Code/udacity/udacity-behavior-cloning/straight-after-curves/IMG/left_2018_07_31_09_00_28_077.jpg, /Users/bb/Code/udacity/udacity-behavior-cloning/straight-after-curves/IMG/right_2018_07_31_09_00_28_077.jpg, 0.249846, 0, 0, 9.557148
/Users/bb/Code/udacity/udacity-behavior-cloning/straight-after-curves/IMG/center_2018_07_31_09_00_28_180.jpg, /Users/bb/Code/udacity/udacity-behavior-cloning/straight-after-curves/IMG/left_2018_07_31_09_00_28_180.jpg, /Users/bb/Code/udacity/udacity-behavior-cloning/straight-after-curves/IMG/right_2018_07_31_09_00_28_180.jpg, 0.1010102, 0, 0, 9.453559
/Users/bb/Code/udacity/udacity-behavior-cloning/straight-after-curves/IMG/center_2018_07_31_09_00_28_285.jpg, /Users/bb/Code/udacity/udacity-behavior-cloning/straight-after-curves/IMG/left_2018_07_31_09_00_28_285.jpg, /Users/bb/Code/udacity/udacity-behavior-cloning/straight-after-curves/IMG/right_2018_07_31_09_00_28_285.jpg, 0.3922201, 0, 0, 9.335176
/Users/bb/Code/udacity/udacity-behavior-cloning/straight-after-curves/IMG/center_2018_07_31_09_00_28_388.jpg, /Users/bb/Code/udacity/udacity-behavior-cloning/straight-after-curves/IMG/left_2018_07_31_09_00_28_388.jpg, /Users/bb/Code/udacity/udacity-behavior-cloning/straight-after-curves/IMG/right_2018_07_31_09_00_28_388.jpg, 0.6982291, 0, 0, 9.146639
/Users/bb/Code/udacity/udacity-behavior-cloning/straight-after-curves/IMG/center_2018_07_31_09_00_28_492.jpg, /Users/bb/Code/udacity/udacity-behavior-cloning/straight-after-curves/IMG/left_2018_07_31_09_00_28_492.jpg, /Users/bb/Code/udacity/udacity-behavior-cloning/straight-after-curves/IMG/right_2018_07_31_09_00_28_492.jpg, 0.5858878, 0, 0, 9.006234
/Users/bb/Code/udacity/udacity-behavior-cloning/straight-after-curves/IMG/center_2018_07_31_09_00_28_597.jpg, /Users/bb/Code/udacity/udacity-behavior-cloning/straight-after-curves/IMG/left_2018_07_31_09_00_28_597.jpg, /Users/bb/Code/udacity/udacity-behavior-cloning/straight-after-curves/IMG/right_2018_07_31_09_00_28_597.jpg, 0.2205867, 0, 0, 8.919319
/Users/bb/Code/udacity/udacity-behavior-cloning/straight-after-curves/IMG/center_2018_07_31_09_00_28_700.jpg, /Users/bb/Code/udacity/udacity-behavior-cloning/straight-after-curves/IMG/left_2018_07_31_09_00_28_700.jpg, /Users/bb/Code/udacity/udacity-behavior-cloning/straight-after-curves/IMG/right_2018_07_31_09_00_28_700.jpg, 0, 0, 0, 8.817266
/Users/bb/Code/udacity/udacity-behavior-cloning/straight-after-curves/IMG/center_2018_07_31_09_00_28_804.jpg, /Users/bb/Code/udacity/udacity-behavior-cloning/straight-after-curves/IMG/left_2018_07_31_09_00_28_804.jpg, /Users/bb/Code/udacity/udacity-behavior-cloning/straight-after-curves/IMG/right_2018_07_31_09_00_28_804.jpg, 0, 0, 0, 8.726419
/Users/bb/Code/udacity/udacity-behavior-cloning/straight-after-curves/IMG/center_2018_07_31_09_00_28_909.jpg, /Users/bb/Code/udacity/udacity-behavior-cloning/straight-after-curves/IMG/left_2018_07_31_09_00_28_909.jpg, /Users/bb/Code/udacity/udacity-behavior-cloning/straight-after-curves/IMG/right_2018_07_31_09_00_28_909.jpg, 0, 0, 0, 8.638708
/Users/bb/Code/udacity/udacity-behavior-cloning/straight-after-curves/IMG/center_2018_07_31_09_00_29_013.jpg, /Users/bb/Code/udacity/udacity-behavior-cloning/straight-after-curves/IMG/left_2018_07_31_09_00_29_013.jpg, /Users/bb/Code/udacity/udacity-behavior-cloning/straight-after-curves/IMG/right_2018_07_31_09_00_29_013.jpg, 0, 0, 0, 8.551998
/Users/bb/Code/udacity/udacity-behavior-cloning/straight-after-curves/IMG/center_2018_07_31_09_00_29_122.jpg, /Users/bb/Code/udacity/udacity-behavior-cloning/straight-after-curves/IMG/left_2018_07_31_09_00_29_122.jpg, /Users/bb/Code/udacity/udacity-behavior-cloning/straight-after-curves/IMG/right_2018_07_31_09_00_29_122.jpg, 0, 0, 0, 8.449101
/Users/bb/Code/udacity/udacity-behavior-cloning/straight-after-curves/IMG/center_2018_07_31_09_00_29_223.jpg, /Users/bb/Code/udacity/udacity-behavior-cloning/straight-after-curves/IMG/left_2018_07_31_09_00_29_223.jpg, /Users/bb/Code/udacity/udacity-behavior-cloning/straight-after-curves/IMG/right_2018_07_31_09_00_29_223.jpg, 0, 0, 0, 8.364303
/Users/bb/Code/udacity/udacity-behavior-cloning/straight-after-curves/IMG/center_2018_07_31_09_00_29_324.jpg, /Users/bb/Code/udacity/udacity-behavior-cloning/straight-after-curves/IMG/left_2018_07_31_09_00_29_324.jpg, /Users/bb/Code/udacity/udacity-behavior-cloning/straight-after-curves/IMG/right_2018_07_31_09_00_29_324.jpg, 0, 0, 0, 8.280355
/Users/bb/Code/udacity/udacity-behavior-cloning/straight-after-curves/IMG/center_2018_07_31_09_00_29_424.jpg, /Users/bb/Code/udacity/udacity-behavior-cloning/straight-after-curves/IMG/left_2018_07_31_09_00_29_424.jpg, /Users/bb/Code/udacity/udacity-behavior-cloning/straight-after-curves/IMG/right_2018_07_31_09_00_29_424.jpg, 0, 0, 0, 8.197248
/Users/bb/Code/udacity/udacity-behavior-cloning/straight-after-curves/IMG/center_2018_07_31_09_00_29_527.jpg, /Users/bb/Code/udacity/udacity-behavior-cloning/straight-after-curves/IMG/left_2018_07_31_09_00_29_527.jpg, /Users/bb/Code/udacity/udacity-behavior-cloning/straight-after-curves/IMG/right_2018_07_31_09_00_29_527.jpg, 0, 0, 0, 8.114982
/Users/bb/Code/udacity/udacity-behavior-cloning/straight-after-curves/IMG/center_2018_07_31_09_00_29_632.jpg, /Users/bb/Code/udacity/udacity-behavior-cloning/straight-after-curves/IMG/left_2018_07_31_09_00_29_632.jpg, /Users/bb/Code/udacity/udacity-behavior-cloning/straight-after-curves/IMG/right_2018_07_31_09_00_29_632.jpg, 0, 0, 0, 8.033537
/Users/bb/Code/udacity/udacity-behavior-cloning/straight-after-curves/IMG/center_2018_07_31_09_00_29_741.jpg, /Users/bb/Code/udacity/udacity-behavior-cloning/straight-after-curves/IMG/left_2018_07_31_09_00_29_741.jpg, /Users/bb/Code/udacity/udacity-behavior-cloning/straight-after-curves/IMG/right_2018_07_31_09_00_29_741.jpg, 0, 0, 0, 7.936884
/Users/bb/Code/udacity/udacity-behavior-cloning/straight-after-curves/IMG/center_2018_07_31_09_00_29_844.jpg, /Users/bb/Code/udacity/udacity-behavior-cloning/straight-after-curves/IMG/left_2018_07_31_09_00_29_844.jpg, /Users/bb/Code/udacity/udacity-behavior-cloning/straight-after-curves/IMG/right_2018_07_31_09_00_29_844.jpg, 0, 0, 0, 7.857229
/Users/bb/Code/udacity/udacity-behavior-cloning/straight-after-curves/IMG/center_2018_07_31_09_00_38_356.jpg, /Users/bb/Code/udacity/udacity-behavior-cloning/straight-after-curves/IMG/left_2018_07_31_09_00_38_356.jpg, /Users/bb/Code/udacity/udacity-behavior-cloning/straight-after-curves/IMG/right_2018_07_31_09_00_38_356.jpg, 0, 0, 0, 9.525673
/Users/bb/Code/udacity/udacity-behavior-cloning/straight-after-curves/IMG/center_2018_07_31_09_00_38_458.jpg, /Users/bb/Code/udacity/udacity-behavior-cloning/straight-after-curves/IMG/left_2018_07_31_09_00_38_458.jpg, /Users/bb/Code/udacity/udacity-behavior-cloning/straight-after-curves/IMG/right_2018_07_31_09_00_38_458.jpg, 0, 0, 0, 9.433574
/Users/bb/Code/udacity/udacity-behavior-cloning/straight-after-curves/IMG/center_2018_07_31_09_00_38_559.jpg, /Users/bb/Code/udacity/udacity-behavior-cloning/straight-after-curves/IMG/left_2018_07_31_09_00_38_559.jpg, /Users/bb/Code/udacity/udacity-behavior-cloning/straight-after-curves/IMG/right_2018_07_31_09_00_38_559.jpg, 0.06289494, 0, 0, 9.341632
/Users/bb/Code/udacity/udacity-behavior-cloning/straight-after-curves/IMG/center_2018_07_31_09_00_38_668.jpg, /Users/bb/Code/udacity/udacity-behavior-cloning/straight-after-curves/IMG/left_2018_07_31_09_00_38_668.jpg, /Users/bb/Code/udacity/udacity-behavior-cloning/straight-after-curves/IMG/right_2018_07_31_09_00_38_668.jpg, 0.3619677, 0, 0, 9.213573
/Users/bb/Code/udacity/udacity-behavior-cloning/straight-after-curves/IMG/center_2018_07_31_09_00_38_770.jpg, /Users/bb/Code/udacity/udacity-behavior-cloning/straight-after-curves/IMG/left_2018_07_31_09_00_38_770.jpg, /Users/bb/Code/udacity/udacity-behavior-cloning/straight-after-curves/IMG/right_2018_07_31_09_00_38_770.jpg, 0.6710247, 0, 0, 9.022698
/Users/bb/Code/udacity/udacity-behavior-cloning/straight-after-curves/IMG/center_2018_07_31_09_00_38_875.jpg, /Users/bb/Code/udacity/udacity-behavior-cloning/straight-after-curves/IMG/left_2018_07_31_09_00_38_875.jpg, /Users/bb/Code/udacity/udacity-behavior-cloning/straight-after-curves/IMG/right_2018_07_31_09_00_38_875.jpg, 1, 0, 0, 8.742023
/Users/bb/Code/udacity/udacity-behavior-cloning/straight-after-curves/IMG/center_2018_07_31_09_00_38_980.jpg, /Users/bb/Code/udacity/udacity-behavior-cloning/straight-after-curves/IMG/left_2018_07_31_09_00_38_980.jpg, /Users/bb/Code/udacity/udacity-behavior-cloning/straight-after-curves/IMG/right_2018_07_31_09_00_38_980.jpg, 0.766528, 0, 0, 8.631848
/Users/bb/Code/udacity/udacity-behavior-cloning/straight-after-curves/IMG/center_2018_07_31_09_00_39_087.jpg, /Users/bb/Code/udacity/udacity-behavior-cloning/straight-after-curves/IMG/left_2018_07_31_09_00_39_087.jpg, /Users/bb/Code/udacity/udacity-behavior-cloning/straight-after-curves/IMG/right_2018_07_31_09_00_39_087.jpg, 0.7677912, 0, 0, 8.55991
/Users/bb/Code/udacity/udacity-behavior-cloning/straight-after-curves/IMG/center_2018_07_31_09_00_39_190.jpg, /Users/bb/Code/udacity/udacity-behavior-cloning/straight-after-curves/IMG/left_2018_07_31_09_00_39_190.jpg, /Users/bb/Code/udacity/udacity-behavior-cloning/straight-after-curves/IMG/right_2018_07_31_09_00_39_190.jpg, 1, 0, 0, 8.375097
/Users/bb/Code/udacity/udacity-behavior-cloning/straight-after-curves/IMG/center_2018_07_31_09_00_39_295.jpg, /Users/bb/Code/udacity/udacity-behavior-cloning/straight-after-curves/IMG/left_2018_07_31_09_00_39_295.jpg, /Users/bb/Code/udacity/udacity-behavior-cloning/straight-after-curves/IMG/right_2018_07_31_09_00_39_295.jpg, 0.7561807, 0, 0, 8.268481
/Users/bb/Code/udacity/udacity-behavior-cloning/straight-after-curves/IMG/center_2018_07_31_09_00_39_396.jpg, /Users/bb/Code/udacity/udacity-behavior-cloning/straight-after-curves/IMG/left_2018_07_31_09_00_39_396.jpg, /Users/bb/Code/udacity/udacity-behavior-cloning/straight-after-curves/IMG/right_2018_07_31_09_00_39_396.jpg, 0.6627365, 0, 0, 8.210132
/Users/bb/Code/udacity/udacity-behavior-cloning/straight-after-curves/IMG/center_2018_07_31_09_00_39_500.jpg, /Users/bb/Code/udacity/udacity-behavior-cloning/straight-after-curves/IMG/left_2018_07_31_09_00_39_500.jpg, /Users/bb/Code/udacity/udacity-behavior-cloning/straight-after-curves/IMG/right_2018_07_31_09_00_39_500.jpg, 0.9741396, 0, 0, 8.046926
/Users/bb/Code/udacity/udacity-behavior-cloning/straight-after-curves/IMG/center_2018_07_31_09_00_39_601.jpg, /Users/bb/Code/udacity/udacity-behavior-cloning/straight-after-curves/IMG/left_2018_07_31_09_00_39_601.jpg, /Users/bb/Code/udacity/udacity-behavior-cloning/straight-after-curves/IMG/right_2018_07_31_09_00_39_601.jpg, 0.6714666, 0, 0, 7.969616
/Users/bb/Code/udacity/udacity-behavior-cloning/straight-after-curves/IMG/center_2018_07_31_09_00_39_703.jpg, /Users/bb/Code/udacity/udacity-behavior-cloning/straight-after-curves/IMG/left_2018_07_31_09_00_39_703.jpg, /Users/bb/Code/udacity/udacity-behavior-cloning/straight-after-curves/IMG/right_2018_07_31_09_00_39_703.jpg, 0.3900485, 0, 0, 7.916212
/Users/bb/Code/udacity/udacity-behavior-cloning/straight-after-curves/IMG/center_2018_07_31_09_00_39_809.jpg, /Users/bb/Code/udacity/udacity-behavior-cloning/straight-after-curves/IMG/left_2018_07_31_09_00_39_809.jpg, /Users/bb/Code/udacity/udacity-behavior-cloning/straight-after-curves/IMG/right_2018_07_31_09_00_39_809.jpg, 0.07294846, 0, 0, 7.837163
/Users/bb/Code/udacity/udacity-behavior-cloning/straight-after-curves/IMG/center_2018_07_31_09_00_39_917.jpg, /Users/bb/Code/udacity/udacity-behavior-cloning/straight-after-curves/IMG/left_2018_07_31_09_00_39_917.jpg, /Users/bb/Code/udacity/udacity-behavior-cloning/straight-after-curves/IMG/right_2018_07_31_09_00_39_917.jpg, 0, 0, 0, 7.732814
/Users/bb/Code/udacity/udacity-behavior-cloning/straight-after-curves/IMG/center_2018_07_31_09_00_40_020.jpg, /Users/bb/Code/udacity/udacity-behavior-cloning/straight-after-curves/IMG/left_2018_07_31_09_00_40_020.jpg, /Users/bb/Code/udacity/udacity-behavior-cloning/straight-after-curves/IMG/right_2018_07_31_09_00_40_020.jpg, -0.131808, 0.04350293, 0, 7.771374
/Users/bb/Code/udacity/udacity-behavior-cloning/straight-after-curves/IMG/center_2018_07_31_09_00_40_127.jpg, /Users/bb/Code/udacity/udacity-behavior-cloning/straight-after-curves/IMG/left_2018_07_31_09_00_40_127.jpg, /Users/bb/Code/udacity/udacity-behavior-cloning/straight-after-curves/IMG/right_2018_07_31_09_00_40_127.jpg, -0.3236672, 0, 0, 7.661362
/Users/bb/Code/udacity/udacity-behavior-cloning/straight-after-curves/IMG/center_2018_07_31_09_00_40_235.jpg, /Users/bb/Code/udacity/udacity-behavior-cloning/straight-after-curves/IMG/left_2018_07_31_09_00_40_235.jpg, /Users/bb/Code/udacity/udacity-behavior-cloning/straight-after-curves/IMG/right_2018_07_31_09_00_40_235.jpg, 0, 0, 0, 7.56785
/Users/bb/Code/udacity/udacity-behavior-cloning/straight-after-curves/IMG/center_2018_07_31_09_00_40_338.jpg, /Users/bb/Code/udacity/udacity-behavior-cloning/straight-after-curves/IMG/left_2018_07_31_09_00_40_338.jpg, /Users/bb/Code/udacity/udacity-behavior-cloning/straight-after-curves/IMG/right_2018_07_31_09_00_40_338.jpg, 0, 0, 0, 7.490238
/Users/bb/Code/udacity/udacity-behavior-cloning/straight-after-curves/IMG/center_2018_07_31_09_00_40_445.jpg, /Users/bb/Code/udacity/udacity-behavior-cloning/straight-after-curves/IMG/left_2018_07_31_09_00_40_445.jpg, /Users/bb/Code/udacity/udacity-behavior-cloning/straight-after-curves/IMG/right_2018_07_31_09_00_40_445.jpg, -0.257103, 0, 0, 7.401632
/Users/bb/Code/udacity/udacity-behavior-cloning/straight-after-curves/IMG/center_2018_07_31_09_00_40_547.jpg, /Users/bb/Code/udacity/udacity-behavior-cloning/straight-after-curves/IMG/left_2018_07_31_09_00_40_547.jpg, /Users/bb/Code/udacity/udacity-behavior-cloning/straight-after-curves/IMG/right_2018_07_31_09_00_40_547.jpg, -0.1169311, 0, 0, 7.313175
/Users/bb/Code/udacity/udacity-behavior-cloning/straight-after-curves/IMG/center_2018_07_31_09_00_40_649.jpg, /Users/bb/Code/udacity/udacity-behavior-cloning/straight-after-curves/IMG/left_2018_07_31_09_00_40_649.jpg, /Users/bb/Code/udacity/udacity-behavior-cloning/straight-after-curves/IMG/right_2018_07_31_09_00_40_649.jpg, 0, 0, 0, 7.234447
/Users/bb/Code/udacity/udacity-behavior-cloning/straight-after-curves/IMG/center_2018_07_31_09_00_40_757.jpg, /Users/bb/Code/udacity/udacity-behavior-cloning/straight-after-curves/IMG/left_2018_07_31_09_00_40_757.jpg, /Users/bb/Code/udacity/udacity-behavior-cloning/straight-after-curves/IMG/right_2018_07_31_09_00_40_757.jpg, -0.1823938, 0, 0, 7.140525
/Users/bb/Code/udacity/udacity-behavior-cloning/straight-after-curves/IMG/center_2018_07_31_09_00_40_864.jpg, /Users/bb/Code/udacity/udacity-behavior-cloning/straight-after-curves/IMG/left_2018_07_31_09_00_40_864.jpg, /Users/bb/Code/udacity/udacity-behavior-cloning/straight-after-curves/IMG/right_2018_07_31_09_00_40_864.jpg, -0.2632345, 0, 0, 7.042075
/Users/bb/Code/udacity/udacity-behavior-cloning/straight-after-curves/IMG/center_2018_07_31_09_00_40_966.jpg, /Users/bb/Code/udacity/udacity-behavior-cloning/straight-after-curves/IMG/left_2018_07_31_09_00_40_966.jpg, /Users/bb/Code/udacity/udacity-behavior-cloning/straight-after-curves/IMG/right_2018_07_31_09_00_40_966.jpg, -0.211416, 0, 0, 6.971318
/Users/bb/Code/udacity/udacity-behavior-cloning/straight-after-curves/IMG/center_2018_07_31_09_00_41_070.jpg, /Users/bb/Code/udacity/udacity-behavior-cloning/straight-after-curves/IMG/left_2018_07_31_09_00_41_070.jpg, /Users/bb/Code/udacity/udacity-behavior-cloning/straight-after-curves/IMG/right_2018_07_31_09_00_41_070.jpg, -0.06916165, 0, 0, 6.895483
/Users/bb/Code/udacity/udacity-behavior-cloning/straight-after-curves/IMG/center_2018_07_31_09_00_41_173.jpg, /Users/bb/Code/udacity/udacity-behavior-cloning/straight-after-curves/IMG/left_2018_07_31_09_00_41_173.jpg, /Users/bb/Code/udacity/udacity-behavior-cloning/straight-after-curves/IMG/right_2018_07_31_09_00_41_173.jpg, 0, 0, 0, 6.82167
/Users/bb/Code/udacity/udacity-behavior-cloning/straight-after-curves/IMG/center_2018_07_31_09_00_41_274.jpg, /Users/bb/Code/udacity/udacity-behavior-cloning/straight-after-curves/IMG/left_2018_07_31_09_00_41_274.jpg, /Users/bb/Code/udacity/udacity-behavior-cloning/straight-after-curves/IMG/right_2018_07_31_09_00_41_274.jpg, 0, 0, 0, 6.739458
/Users/bb/Code/udacity/udacity-behavior-cloning/straight-after-curves/IMG/center_2018_07_31_09_00_41_375.jpg, /Users/bb/Code/udacity/udacity-behavior-cloning/straight-after-curves/IMG/left_2018_07_31_09_00_41_375.jpg, /Users/bb/Code/udacity/udacity-behavior-cloning/straight-after-curves/IMG/right_2018_07_31_09_00_41_375.jpg, 0, 0, 0, 6.671817
/Users/bb/Code/udacity/udacity-behavior-cloning/straight-after-curves/IMG/center_2018_07_31_09_00_41_478.jpg, /Users/bb/Code/udacity/udacity-behavior-cloning/straight-after-curves/IMG/left_2018_07_31_09_00_41_478.jpg, /Users/bb/Code/udacity/udacity-behavior-cloning/straight-after-curves/IMG/right_2018_07_31_09_00_41_478.jpg, 0, 0, 0, 6.604859
/Users/bb/Code/udacity/udacity-behavior-cloning/straight-after-curves/IMG/center_2018_07_31_09_00_41_583.jpg, /Users/bb/Code/udacity/udacity-behavior-cloning/straight-after-curves/IMG/left_2018_07_31_09_00_41_583.jpg, /Users/bb/Code/udacity/udacity-behavior-cloning/straight-after-curves/IMG/right_2018_07_31_09_00_41_583.jpg, 0, 0, 0, 6.538572
/Users/bb/Code/udacity/udacity-behavior-cloning/straight-after-curves/IMG/center_2018_07_31_09_00_41_689.jpg, /Users/bb/Code/udacity/udacity-behavior-cloning/straight-after-curves/IMG/left_2018_07_31_09_00_41_689.jpg, /Users/bb/Code/udacity/udacity-behavior-cloning/straight-after-curves/IMG/right_2018_07_31_09_00_41_689.jpg, 0, 0, 0, 6.472952
/Users/bb/Code/udacity/udacity-behavior-cloning/straight-after-curves/IMG/center_2018_07_31_09_00_41_791.jpg, /Users/bb/Code/udacity/udacity-behavior-cloning/straight-after-curves/IMG/left_2018_07_31_09_00_41_791.jpg, /Users/bb/Code/udacity/udacity-behavior-cloning/straight-after-curves/IMG/right_2018_07_31_09_00_41_791.jpg, 0, 0, 0, 6.407991
/Users/bb/Code/udacity/udacity-behavior-cloning/straight-after-curves/IMG/center_2018_07_31_09_00_41_893.jpg, /Users/bb/Code/udacity/udacity-behavior-cloning/straight-after-curves/IMG/left_2018_07_31_09_00_41_893.jpg, /Users/bb/Code/udacity/udacity-behavior-cloning/straight-after-curves/IMG/right_2018_07_31_09_00_41_893.jpg, 0, 0, 0, 6.343682
/Users/bb/Code/udacity/udacity-behavior-cloning/straight-after-curves/IMG/center_2018_07_31_09_00_41_998.jpg, /Users/bb/Code/udacity/udacity-behavior-cloning/straight-after-curves/IMG/left_2018_07_31_09_00_41_998.jpg, /Users/bb/Code/udacity/udacity-behavior-cloning/straight-after-curves/IMG/right_2018_07_31_09_00_41_998.jpg, 0, 0, 0, 6.268772
/Users/bb/Code/udacity/udacity-behavior-cloning/straight-after-curves/IMG/center_2018_07_31_09_00_42_104.jpg, /Users/bb/Code/udacity/udacity-behavior-cloning/straight-after-curves/IMG/left_2018_07_31_09_00_42_104.jpg, /Users/bb/Code/udacity/udacity-behavior-cloning/straight-after-curves/IMG/right_2018_07_31_09_00_42_104.jpg, 0, 0, 0, 6.205131
/Users/bb/Code/udacity/udacity-behavior-cloning/straight-after-curves/IMG/center_2018_07_31_09_00_42_208.jpg, /Users/bb/Code/udacity/udacity-behavior-cloning/straight-after-curves/IMG/left_2018_07_31_09_00_42_208.jpg, /Users/bb/Code/udacity/udacity-behavior-cloning/straight-after-curves/IMG/right_2018_07_31_09_00_42_208.jpg, 0, 0, 0, 6.139205
/Users/bb/Code/udacity/udacity-behavior-cloning/straight-after-curves/IMG/center_2018_07_31_09_00_42_313.jpg, /Users/bb/Code/udacity/udacity-behavior-cloning/straight-after-curves/IMG/left_2018_07_31_09_00_42_313.jpg, /Users/bb/Code/udacity/udacity-behavior-cloning/straight-after-curves/IMG/right_2018_07_31_09_00_42_313.jpg, 0, 0, 0, 6.075727
/Users/bb/Code/udacity/udacity-behavior-cloning/straight-after-curves/IMG/center_2018_07_31_09_01_02_863.jpg, /Users/bb/Code/udacity/udacity-behavior-cloning/straight-after-curves/IMG/left_2018_07_31_09_01_02_863.jpg, /Users/bb/Code/udacity/udacity-behavior-cloning/straight-after-curves/IMG/right_2018_07_31_09_01_02_863.jpg, 0, 0, 0, 4.736711
/Users/bb/Code/udacity/udacity-behavior-cloning/straight-after-curves/IMG/center_2018_07_31_09_01_02_976.jpg, /Users/bb/Code/udacity/udacity-behavior-cloning/straight-after-curves/IMG/left_2018_07_31_09_01_02_976.jpg, /Users/bb/Code/udacity/udacity-behavior-cloning/straight-after-curves/IMG/right_2018_07_31_09_01_02_976.jpg, 0, 0, 0, 4.685121
/Users/bb/Code/udacity/udacity-behavior-cloning/straight-after-curves/IMG/center_2018_07_31_09_01_03_083.jpg, /Users/bb/Code/udacity/udacity-behavior-cloning/straight-after-curves/IMG/left_2018_07_31_09_01_03_083.jpg, /Users/bb/Code/udacity/udacity-behavior-cloning/straight-after-curves/IMG/right_2018_07_31_09_01_03_083.jpg, 0.1946851, 0, 0, 4.636683
/Users/bb/Code/udacity/udacity-behavior-cloning/straight-after-curves/IMG/center_2018_07_31_09_01_03_190.jpg, /Users/bb/Code/udacity/udacity-behavior-cloning/straight-after-curves/IMG/left_2018_07_31_09_01_03_190.jpg, /Users/bb/Code/udacity/udacity-behavior-cloning/straight-after-curves/IMG/right_2018_07_31_09_01_03_190.jpg, 0.484746, 0, 0, 4.561887
/Users/bb/Code/udacity/udacity-behavior-cloning/straight-after-curves/IMG/center_2018_07_31_09_01_03_299.jpg, /Users/bb/Code/udacity/udacity-behavior-cloning/straight-after-curves/IMG/left_2018_07_31_09_01_03_299.jpg, /Users/bb/Code/udacity/udacity-behavior-cloning/straight-after-curves/IMG/right_2018_07_31_09_01_03_299.jpg, 0.8431503, 0, 0, 4.438563
/Users/bb/Code/udacity/udacity-behavior-cloning/straight-after-curves/IMG/center_2018_07_31_09_01_03_406.jpg, /Users/bb/Code/udacity/udacity-behavior-cloning/straight-after-curves/IMG/left_2018_07_31_09_01_03_406.jpg, /Users/bb/Code/udacity/udacity-behavior-cloning/straight-after-curves/IMG/right_2018_07_31_09_01_03_406.jpg, 1, 0, 0, 4.329339
/Users/bb/Code/udacity/udacity-behavior-cloning/straight-after-curves/IMG/center_2018_07_31_09_01_03_508.jpg, /Users/bb/Code/udacity/udacity-behavior-cloning/straight-after-curves/IMG/left_2018_07_31_09_01_03_508.jpg, /Users/bb/Code/udacity/udacity-behavior-cloning/straight-after-curves/IMG/right_2018_07_31_09_01_03_508.jpg, 1, 0, 0, 4.260661
/Users/bb/Code/udacity/udacity-behavior-cloning/straight-after-curves/IMG/center_2018_07_31_09_01_03_619.jpg, /Users/bb/Code/udacity/udacity-behavior-cloning/straight-after-curves/IMG/left_2018_07_31_09_01_03_619.jpg, /Users/bb/Code/udacity/udacity-behavior-cloning/straight-after-curves/IMG/right_2018_07_31_09_01_03_619.jpg, 1, 0, 0, 4.183949
/Users/bb/Code/udacity/udacity-behavior-cloning/straight-after-curves/IMG/center_2018_07_31_09_01_03_724.jpg, /Users/bb/Code/udacity/udacity-behavior-cloning/straight-after-curves/IMG/left_2018_07_31_09_01_03_724.jpg, /Users/bb/Code/udacity/udacity-behavior-cloning/straight-after-curves/IMG/right_2018_07_31_09_01_03_724.jpg, 0.7742441, 0, 0, 4.146239
/Users/bb/Code/udacity/udacity-behavior-cloning/straight-after-curves/IMG/center_2018_07_31_09_01_03_829.jpg, /Users/bb/Code/udacity/udacity-behavior-cloning/straight-after-curves/IMG/left_2018_07_31_09_01_03_829.jpg, /Users/bb/Code/udacity/udacity-behavior-cloning/straight-after-curves/IMG/right_2018_07_31_09_01_03_829.jpg, 0.8293989, 0, 0, 4.100723
/Users/bb/Code/udacity/udacity-behavior-cloning/straight-after-curves/IMG/center_2018_07_31_09_01_03_932.jpg, /Users/bb/Code/udacity/udacity-behavior-cloning/straight-after-curves/IMG/left_2018_07_31_09_01_03_932.jpg, /Users/bb/Code/udacity/udacity-behavior-cloning/straight-after-curves/IMG/right_2018_07_31_09_01_03_932.jpg, 1, 0, 0, 4.001903
/Users/bb/Code/udacity/udacity-behavior-cloning/straight-after-curves/IMG/center_2018_07_31_09_01_04_036.jpg, /Users/bb/Code/udacity/udacity-behavior-cloning/straight-after-curves/IMG/left_2018_07_31_09_01_04_036.jpg, /Users/bb/Code/udacity/udacity-behavior-cloning/straight-after-curves/IMG/right_2018_07_31_09_01_04_036.jpg, 1, 0, 0, 3.926203
/Users/bb/Code/udacity/udacity-behavior-cloning/straight-after-curves/IMG/center_2018_07_31_09_01_04_145.jpg, /Users/bb/Code/udacity/udacity-behavior-cloning/straight-after-curves/IMG/left_2018_07_31_09_01_04_145.jpg, /Users/bb/Code/udacity/udacity-behavior-cloning/straight-after-curves/IMG/right_2018_07_31_09_01_04_145.jpg, 1, 0, 0, 3.866394
/Users/bb/Code/udacity/udacity-behavior-cloning/straight-after-curves/IMG/center_2018_07_31_09_01_04_249.jpg, /Users/bb/Code/udacity/udacity-behavior-cloning/straight-after-curves/IMG/left_2018_07_31_09_01_04_249.jpg, /Users/bb/Code/udacity/udacity-behavior-cloning/straight-after-curves/IMG/right_2018_07_31_09_01_04_249.jpg, 1, 0, 0, 3.807487
/Users/bb/Code/udacity/udacity-behavior-cloning/straight-after-curves/IMG/center_2018_07_31_09_01_04_350.jpg, /Users/bb/Code/udacity/udacity-behavior-cloning/straight-after-curves/IMG/left_2018_07_31_09_01_04_350.jpg, /Users/bb/Code/udacity/udacity-behavior-cloning/straight-after-curves/IMG/right_2018_07_31_09_01_04_350.jpg, 1, 0, 0, 3.749321
/Users/bb/Code/udacity/udacity-behavior-cloning/straight-after-curves/IMG/center_2018_07_31_09_01_04_451.jpg, /Users/bb/Code/udacity/udacity-behavior-cloning/straight-after-curves/IMG/left_2018_07_31_09_01_04_451.jpg, /Users/bb/Code/udacity/udacity-behavior-cloning/straight-after-curves/IMG/right_2018_07_31_09_01_04_451.jpg, 1, 0, 0, 3.691888
/Users/bb/Code/udacity/udacity-behavior-cloning/straight-after-curves/IMG/center_2018_07_31_09_01_04_559.jpg, /Users/bb/Code/udacity/udacity-behavior-cloning/straight-after-curves/IMG/left_2018_07_31_09_01_04_559.jpg, /Users/bb/Code/udacity/udacity-behavior-cloning/straight-after-curves/IMG/right_2018_07_31_09_01_04_559.jpg, 1, 0, 0, 3.623929
/Users/bb/Code/udacity/udacity-behavior-cloning/straight-after-curves/IMG/center_2018_07_31_09_01_04_662.jpg, /Users/bb/Code/udacity/udacity-behavior-cloning/straight-after-curves/IMG/left_2018_07_31_09_01_04_662.jpg, /Users/bb/Code/udacity/udacity-behavior-cloning/straight-after-curves/IMG/right_2018_07_31_09_01_04_662.jpg, 0.6922781, 0, 0, 3.601676
/Users/bb/Code/udacity/udacity-behavior-cloning/straight-after-curves/IMG/center_2018_07_31_09_01_04_765.jpg, /Users/bb/Code/udacity/udacity-behavior-cloning/straight-after-curves/IMG/left_2018_07_31_09_01_04_765.jpg, /Users/bb/Code/udacity/udacity-behavior-cloning/straight-after-curves/IMG/right_2018_07_31_09_01_04_765.jpg, 0.4078001, 0, 0, 3.580369
/Users/bb/Code/udacity/udacity-behavior-cloning/straight-after-curves/IMG/center_2018_07_31_09_01_04_867.jpg, /Users/bb/Code/udacity/udacity-behavior-cloning/straight-after-curves/IMG/left_2018_07_31_09_01_04_867.jpg, /Users/bb/Code/udacity/udacity-behavior-cloning/straight-after-curves/IMG/right_2018_07_31_09_01_04_867.jpg, 0.1050459, 0, 0, 3.548117
/Users/bb/Code/udacity/udacity-behavior-cloning/straight-after-curves/IMG/center_2018_07_31_09_01_04_973.jpg, /Users/bb/Code/udacity/udacity-behavior-cloning/straight-after-curves/IMG/left_2018_07_31_09_01_04_973.jpg, /Users/bb/Code/udacity/udacity-behavior-cloning/straight-after-curves/IMG/right_2018_07_31_09_01_04_973.jpg, 0.3418152, 0, 0, 3.505224
/Users/bb/Code/udacity/udacity-behavior-cloning/straight-after-curves/IMG/center_2018_07_31_09_01_05_074.jpg, /Users/bb/Code/udacity/udacity-behavior-cloning/straight-after-curves/IMG/left_2018_07_31_09_01_05_074.jpg, /Users/bb/Code/udacity/udacity-behavior-cloning/straight-after-curves/IMG/right_2018_07_31_09_01_05_074.jpg, 0.6436721, 0, 0, 3.438323
/Users/bb/Code/udacity/udacity-behavior-cloning/straight-after-curves/IMG/center_2018_07_31_09_01_05_180.jpg, /Users/bb/Code/udacity/udacity-behavior-cloning/straight-after-curves/IMG/left_2018_07_31_09_01_05_180.jpg, /Users/bb/Code/udacity/udacity-behavior-cloning/straight-after-curves/IMG/right_2018_07_31_09_01_05_180.jpg, 1, 0, 0, 3.329173
/Users/bb/Code/udacity/udacity-behavior-cloning/straight-after-curves/IMG/center_2018_07_31_09_01_05_288.jpg, /Users/bb/Code/udacity/udacity-behavior-cloning/straight-after-curves/IMG/left_2018_07_31_09_01_05_288.jpg, /Users/bb/Code/udacity/udacity-behavior-cloning/straight-after-curves/IMG/right_2018_07_31_09_01_05_288.jpg, 1, 0, 0, 3.26864
/Users/bb/Code/udacity/udacity-behavior-cloning/straight-after-curves/IMG/center_2018_07_31_09_01_05_399.jpg, /Users/bb/Code/udacity/udacity-behavior-cloning/straight-after-curves/IMG/left_2018_07_31_09_01_05_399.jpg, /Users/bb/Code/udacity/udacity-behavior-cloning/straight-after-curves/IMG/right_2018_07_31_09_01_05_399.jpg, 0.641752, 0, 0, 3.245516
/Users/bb/Code/udacity/udacity-behavior-cloning/straight-after-curves/IMG/center_2018_07_31_09_01_05_502.jpg, /Users/bb/Code/udacity/udacity-behavior-cloning/straight-after-curves/IMG/left_2018_07_31_09_01_05_502.jpg, /Users/bb/Code/udacity/udacity-behavior-cloning/straight-after-curves/IMG/right_2018_07_31_09_01_05_502.jpg, 0.3301001, 0, 0, 3.224952
/Users/bb/Code/udacity/udacity-behavior-cloning/straight-after-curves/IMG/center_2018_07_31_09_01_05_603.jpg, /Users/bb/Code/udacity/udacity-behavior-cloning/straight-after-curves/IMG/left_2018_07_31_09_01_05_603.jpg, /Users/bb/Code/udacity/udacity-behavior-cloning/straight-after-curves/IMG/right_2018_07_31_09_01_05_603.jpg, 0.05298102, 0, 0, 3.194184
/Users/bb/Code/udacity/udacity-behavior-cloning/straight-after-curves/IMG/center_2018_07_31_09_01_09_087.jpg, /Users/bb/Code/udacity/udacity-behavior-cloning/straight-after-curves/IMG/left_2018_07_31_09_01_09_087.jpg, /Users/bb/Code/udacity/udacity-behavior-cloning/straight-after-curves/IMG/right_2018_07_31_09_01_09_087.jpg, 0, 0, 0, 2.010816
/Users/bb/Code/udacity/udacity-behavior-cloning/straight-after-curves/IMG/center_2018_07_31_09_01_09_194.jpg, /Users/bb/Code/udacity/udacity-behavior-cloning/straight-after-curves/IMG/left_2018_07_31_09_01_09_194.jpg, /Users/bb/Code/udacity/udacity-behavior-cloning/straight-after-curves/IMG/right_2018_07_31_09_01_09_194.jpg, 0, 0, 0, 1.988306
/Users/bb/Code/udacity/udacity-behavior-cloning/straight-after-curves/IMG/center_2018_07_31_09_01_09_296.jpg, /Users/bb/Code/udacity/udacity-behavior-cloning/straight-after-curves/IMG/left_2018_07_31_09_01_09_296.jpg, /Users/bb/Code/udacity/udacity-behavior-cloning/straight-after-curves/IMG/right_2018_07_31_09_01_09_296.jpg, -0.1053361, 0, 0, 1.960904
/Users/bb/Code/udacity/udacity-behavior-cloning/straight-after-curves/IMG/center_2018_07_31_09_01_09_404.jpg, /Users/bb/Code/udacity/udacity-behavior-cloning/straight-after-curves/IMG/left_2018_07_31_09_01_09_404.jpg, /Users/bb/Code/udacity/udacity-behavior-cloning/straight-after-curves/IMG/right_2018_07_31_09_01_09_404.jpg, -0.4011601, 0, 0, 1.930686
/Users/bb/Code/udacity/udacity-behavior-cloning/straight-after-curves/IMG/center_2018_07_31_09_01_09_516.jpg, /Users/bb/Code/udacity/udacity-behavior-cloning/straight-after-curves/IMG/left_2018_07_31_09_01_09_516.jpg, /Users/bb/Code/udacity/udacity-behavior-cloning/straight-after-curves/IMG/right_2018_07_31_09_01_09_516.jpg, -0.7654169, 0, 0, 1.882508
/Users/bb/Code/udacity/udacity-behavior-cloning/straight-after-curves/IMG/center_2018_07_31_09_01_09_622.jpg, /Users/bb/Code/udacity/udacity-behavior-cloning/straight-after-curves/IMG/left_2018_07_31_09_01_09_622.jpg, /Users/bb/Code/udacity/udacity-behavior-cloning/straight-after-curves/IMG/right_2018_07_31_09_01_09_622.jpg, -1, 0, 0, 1.833642
/Users/bb/Code/udacity/udacity-behavior-cloning/straight-after-curves/IMG/center_2018_07_31_09_01_09_723.jpg, /Users/bb/Code/udacity/udacity-behavior-cloning/straight-after-curves/IMG/left_2018_07_31_09_01_09_723.jpg, /Users/bb/Code/udacity/udacity-behavior-cloning/straight-after-curves/IMG/right_2018_07_31_09_01_09_723.jpg, -1, 0, 0, 1.802206
/Users/bb/Code/udacity/udacity-behavior-cloning/straight-after-curves/IMG/center_2018_07_31_09_01_09_829.jpg, /Users/bb/Code/udacity/udacity-behavior-cloning/straight-after-curves/IMG/left_2018_07_31_09_01_09_829.jpg, /Users/bb/Code/udacity/udacity-behavior-cloning/straight-after-curves/IMG/right_2018_07_31_09_01_09_829.jpg, -1, 0, 0, 1.772526
/Users/bb/Code/udacity/udacity-behavior-cloning/straight-after-curves/IMG/center_2018_07_31_09_01_09_933.jpg, /Users/bb/Code/udacity/udacity-behavior-cloning/straight-after-curves/IMG/left_2018_07_31_09_01_09_933.jpg, /Users/bb/Code/udacity/udacity-behavior-cloning/straight-after-curves/IMG/right_2018_07_31_09_01_09_933.jpg, -1, 0, 0, 1.743421
/Users/bb/Code/udacity/udacity-behavior-cloning/straight-after-curves/IMG/center_2018_07_31_09_01_10_035.jpg, /Users/bb/Code/udacity/udacity-behavior-cloning/straight-after-curves/IMG/left_2018_07_31_09_01_10_035.jpg, /Users/bb/Code/udacity/udacity-behavior-cloning/straight-after-curves/IMG/right_2018_07_31_09_01_10_035.jpg, -1, 0, 0, 1.709226
/Users/bb/Code/udacity/udacity-behavior-cloning/straight-after-curves/IMG/center_2018_07_31_09_01_10_137.jpg, /Users/bb/Code/udacity/udacity-behavior-cloning/straight-after-curves/IMG/left_2018_07_31_09_01_10_137.jpg, /Users/bb/Code/udacity/udacity-behavior-cloning/straight-after-curves/IMG/right_2018_07_31_09_01_10_137.jpg, -1, 0, 0, 1.681329
/Users/bb/Code/udacity/udacity-behavior-cloning/straight-after-curves/IMG/center_2018_07_31_09_01_10_245.jpg, /Users/bb/Code/udacity/udacity-behavior-cloning/straight-after-curves/IMG/left_2018_07_31_09_01_10_245.jpg, /Users/bb/Code/udacity/udacity-behavior-cloning/straight-after-curves/IMG/right_2018_07_31_09_01_10_245.jpg, -1, 0, 0, 1.653967
/Users/bb/Code/udacity/udacity-behavior-cloning/straight-after-curves/IMG/center_2018_07_31_09_01_10_348.jpg, /Users/bb/Code/udacity/udacity-behavior-cloning/straight-after-curves/IMG/left_2018_07_31_09_01_10_348.jpg, /Users/bb/Code/udacity/udacity-behavior-cloning/straight-after-curves/IMG/right_2018_07_31_09_01_10_348.jpg, -1, 0, 0, 1.627133
/Users/bb/Code/udacity/udacity-behavior-cloning/straight-after-curves/IMG/center_2018_07_31_09_01_10_450.jpg, /Users/bb/Code/udacity/udacity-behavior-cloning/straight-after-curves/IMG/left_2018_07_31_09_01_10_450.jpg, /Users/bb/Code/udacity/udacity-behavior-cloning/straight-after-curves/IMG/right_2018_07_31_09_01_10_450.jpg, -1, 0, 0, 1.600178
/Users/bb/Code/udacity/udacity-behavior-cloning/straight-after-curves/IMG/center_2018_07_31_09_01_10_551.jpg, /Users/bb/Code/udacity/udacity-behavior-cloning/straight-after-curves/IMG/left_2018_07_31_09_01_10_551.jpg, /Users/bb/Code/udacity/udacity-behavior-cloning/straight-after-curves/IMG/right_2018_07_31_09_01_10_551.jpg, -1, 0, 0, 1.572651
/Users/bb/Code/udacity/udacity-behavior-cloning/straight-after-curves/IMG/center_2018_07_31_09_01_10_659.jpg, /Users/bb/Code/udacity/udacity-behavior-cloning/straight-after-curves/IMG/left_2018_07_31_09_01_10_659.jpg, /Users/bb/Code/udacity/udacity-behavior-cloning/straight-after-curves/IMG/right_2018_07_31_09_01_10_659.jpg, -1, 0, 0, 1.538511
/Users/bb/Code/udacity/udacity-behavior-cloning/straight-after-curves/IMG/center_2018_07_31_09_01_10_767.jpg, /Users/bb/Code/udacity/udacity-behavior-cloning/straight-after-curves/IMG/left_2018_07_31_09_01_10_767.jpg, /Users/bb/Code/udacity/udacity-behavior-cloning/straight-after-curves/IMG/right_2018_07_31_09_01_10_767.jpg, -1, 0, 0, 1.510475
/Users/bb/Code/udacity/udacity-behavior-cloning/straight-after-curves/IMG/center_2018_07_31_09_01_10_875.jpg, /Users/bb/Code/udacity/udacity-behavior-cloning/straight-after-curves/IMG/left_2018_07_31_09_01_10_875.jpg, /Users/bb/Code/udacity/udacity-behavior-cloning/straight-after-curves/IMG/right_2018_07_31_09_01_10_875.jpg, -1, 0, 0, 1.477405
/Users/bb/Code/udacity/udacity-behavior-cloning/straight-after-curves/IMG/center_2018_07_31_09_01_10_983.jpg, /Users/bb/Code/udacity/udacity-behavior-cloning/straight-after-curves/IMG/left_2018_07_31_09_01_10_983.jpg, /Users/bb/Code/udacity/udacity-behavior-cloning/straight-after-curves/IMG/right_2018_07_31_09_01_10_983.jpg, -1, 0, 0, 1.450319
/Users/bb/Code/udacity/udacity-behavior-cloning/straight-after-curves/IMG/center_2018_07_31_09_01_11_090.jpg, /Users/bb/Code/udacity/udacity-behavior-cloning/straight-after-curves/IMG/left_2018_07_31_09_01_11_090.jpg, /Users/bb/Code/udacity/udacity-behavior-cloning/straight-after-curves/IMG/right_2018_07_31_09_01_11_090.jpg, -1, 0, 0, 1.423657
/Users/bb/Code/udacity/udacity-behavior-cloning/straight-after-curves/IMG/center_2018_07_31_09_01_11_195.jpg, /Users/bb/Code/udacity/udacity-behavior-cloning/straight-after-curves/IMG/left_2018_07_31_09_01_11_195.jpg, /Users/bb/Code/udacity/udacity-behavior-cloning/straight-after-curves/IMG/right_2018_07_31_09_01_11_195.jpg, -0.8818541, 0, 0, 1.397752
/Users/bb/Code/udacity/udacity-behavior-cloning/straight-after-curves/IMG/center_2018_07_31_09_01_11_300.jpg, /Users/bb/Code/udacity/udacity-behavior-cloning/straight-after-curves/IMG/left_2018_07_31_09_01_11_300.jpg, /Users/bb/Code/udacity/udacity-behavior-cloning/straight-after-curves/IMG/right_2018_07_31_09_01_11_300.jpg, -0.567889, 0, 0, 1.390692
/Users/bb/Code/udacity/udacity-behavior-cloning/straight-after-curves/IMG/center_2018_07_31_09_01_11_407.jpg, /Users/bb/Code/udacity/udacity-behavior-cloning/straight-after-curves/IMG/left_2018_07_31_09_01_11_407.jpg, /Users/bb/Code/udacity/udacity-behavior-cloning/straight-after-curves/IMG/right_2018_07_31_09_01_11_407.jpg, -0.2737991, 0, 0, 1.381579
/Users/bb/Code/udacity/udacity-behavior-cloning/straight-after-curves/IMG/center_2018_07_31_09_01_11_509.jpg, /Users/bb/Code/udacity/udacity-behavior-cloning/straight-after-curves/IMG/left_2018_07_31_09_01_11_509.jpg, /Users/bb/Code/udacity/udacity-behavior-cloning/straight-after-curves/IMG/right_2018_07_31_09_01_11_509.jpg, 0, 0, 0, 1.36787
/Users/bb/Code/udacity/udacity-behavior-cloning/straight-after-curves/IMG/center_2018_07_31_09_01_11_616.jpg, /Users/bb/Code/udacity/udacity-behavior-cloning/straight-after-curves/IMG/left_2018_07_31_09_01_11_616.jpg, /Users/bb/Code/udacity/udacity-behavior-cloning/straight-after-curves/IMG/right_2018_07_31_09_01_11_616.jpg, 0, 0, 0, 1.35138
/Users/bb/Code/udacity/udacity-behavior-cloning/straight-after-curves/IMG/center_2018_07_31_09_01_11_720.jpg, /Users/bb/Code/udacity/udacity-behavior-cloning/straight-after-curves/IMG/left_2018_07_31_09_01_11_720.jpg, /Users/bb/Code/udacity/udacity-behavior-cloning/straight-after-curves/IMG/right_2018_07_31_09_01_11_720.jpg, 0, 0, 0, 1.33782
/Users/bb/Code/udacity/udacity-behavior-cloning/straight-after-curves/IMG/center_2018_07_31_09_01_11_829.jpg, /Users/bb/Code/udacity/udacity-behavior-cloning/straight-after-curves/IMG/left_2018_07_31_09_01_11_829.jpg, /Users/bb/Code/udacity/udacity-behavior-cloning/straight-after-curves/IMG/right_2018_07_31_09_01_11_829.jpg, 0, 0, 0, 1.324396
/Users/bb/Code/udacity/udacity-behavior-cloning/straight-after-curves/IMG/center_2018_07_31_09_01_11_934.jpg, /Users/bb/Code/udacity/udacity-behavior-cloning/straight-after-curves/IMG/left_2018_07_31_09_01_11_934.jpg, /Users/bb/Code/udacity/udacity-behavior-cloning/straight-after-curves/IMG/right_2018_07_31_09_01_11_934.jpg, 0, 0, 0, 1.308465
/Users/bb/Code/udacity/udacity-behavior-cloning/straight-after-curves/IMG/center_2018_07_31_09_01_12_039.jpg, /Users/bb/Code/udacity/udacity-behavior-cloning/straight-after-curves/IMG/left_2018_07_31_09_01_12_039.jpg, /Users/bb/Code/udacity/udacity-behavior-cloning/straight-after-curves/IMG/right_2018_07_31_09_01_12_039.jpg, 0, 0, 0, 1.295336
/Users/bb/Code/udacity/udacity-behavior-cloning/straight-after-curves/IMG/center_2018_07_31_09_01_12_141.jpg, /Users/bb/Code/udacity/udacity-behavior-cloning/straight-after-curves/IMG/left_2018_07_31_09_01_12_141.jpg, /Users/bb/Code/udacity/udacity-behavior-cloning/straight-after-curves/IMG/right_2018_07_31_09_01_12_141.jpg, 0, 0.09584677, 0, 1.33857
/Users/bb/Code/udacity/udacity-behavior-cloning/straight-after-curves/IMG/center_2018_07_31_09_01_12_245.jpg, /Users/bb/Code/udacity/udacity-behavior-cloning/straight-after-curves/IMG/left_2018_07_31_09_01_12_245.jpg, /Users/bb/Code/udacity/udacity-behavior-cloning/straight-after-curves/IMG/right_2018_07_31_09_01_12_245.jpg, 0, 0.3819748, 0, 1.617228
/Users/bb/Code/udacity/udacity-behavior-cloning/straight-after-curves/IMG/center_2018_07_31_09_01_12_350.jpg, /Users/bb/Code/udacity/udacity-behavior-cloning/straight-after-curves/IMG/left_2018_07_31_09_01_12_350.jpg, /Users/bb/Code/udacity/udacity-behavior-cloning/straight-after-curves/IMG/right_2018_07_31_09_01_12_350.jpg, 0, 0.698091, 0, 2.297774
/Users/bb/Code/udacity/udacity-behavior-cloning/straight-after-curves/IMG/center_2018_07_31_09_01_12_452.jpg, /Users/bb/Code/udacity/udacity-behavior-cloning/straight-after-curves/IMG/left_2018_07_31_09_01_12_452.jpg, /Users/bb/Code/udacity/udacity-behavior-cloning/straight-after-curves/IMG/right_2018_07_31_09_01_12_452.jpg, 0, 0.9826019, 0, 3.320576
/Users/bb/Code/udacity/udacity-behavior-cloning/straight-after-curves/IMG/center_2018_07_31_09_01_12_556.jpg, /Users/bb/Code/udacity/udacity-behavior-cloning/straight-after-curves/IMG/left_2018_07_31_09_01_12_556.jpg, /Users/bb/Code/udacity/udacity-behavior-cloning/straight-after-curves/IMG/right_2018_07_31_09_01_12_556.jpg, 0, 1, 0, 4.723397
/Users/bb/Code/udacity/udacity-behavior-cloning/straight-after-curves/IMG/center_2018_07_31_09_01_12_659.jpg, /Users/bb/Code/udacity/udacity-behavior-cloning/straight-after-curves/IMG/left_2018_07_31_09_01_12_659.jpg, /Users/bb/Code/udacity/udacity-behavior-cloning/straight-after-curves/IMG/right_2018_07_31_09_01_12_659.jpg, -0.1956478, 1, 0, 5.875069
/Users/bb/Code/udacity/udacity-behavior-cloning/straight-after-curves/IMG/center_2018_07_31_09_01_12_760.jpg, /Users/bb/Code/udacity/udacity-behavior-cloning/straight-after-curves/IMG/left_2018_07_31_09_01_12_760.jpg, /Users/bb/Code/udacity/udacity-behavior-cloning/straight-after-curves/IMG/right_2018_07_31_09_01_12_760.jpg, -0.499869, 1, 0, 6.978795
/Users/bb/Code/udacity/udacity-behavior-cloning/straight-after-curves/IMG/center_2018_07_31_09_01_12_866.jpg, /Users/bb/Code/udacity/udacity-behavior-cloning/straight-after-curves/IMG/left_2018_07_31_09_01_12_866.jpg, /Users/bb/Code/udacity/udacity-behavior-cloning/straight-after-curves/IMG/right_2018_07_31_09_01_12_866.jpg, -0.3429662, 1, 0, 8.095233
/Users/bb/Code/udacity/udacity-behavior-cloning/straight-after-curves/IMG/center_2018_07_31_09_01_12_973.jpg, /Users/bb/Code/udacity/udacity-behavior-cloning/straight-after-curves/IMG/left_2018_07_31_09_01_12_973.jpg, /Users/bb/Code/udacity/udacity-behavior-cloning/straight-after-curves/IMG/right_2018_07_31_09_01_12_973.jpg, -0.04573846, 1, 0, 9.219756
/Users/bb/Code/udacity/udacity-behavior-cloning/straight-after-curves/IMG/center_2018_07_31_09_01_13_077.jpg, /Users/bb/Code/udacity/udacity-behavior-cloning/straight-after-curves/IMG/left_2018_07_31_09_01_13_077.jpg, /Users/bb/Code/udacity/udacity-behavior-cloning/straight-after-curves/IMG/right_2018_07_31_09_01_13_077.jpg, 0, 0.851137, 0, 10.49596
/Users/bb/Code/udacity/udacity-behavior-cloning/straight-after-curves/IMG/center_2018_07_31_09_01_13_178.jpg, /Users/bb/Code/udacity/udacity-behavior-cloning/straight-after-curves/IMG/left_2018_07_31_09_01_13_178.jpg, /Users/bb/Code/udacity/udacity-behavior-cloning/straight-after-curves/IMG/right_2018_07_31_09_01_13_178.jpg, 0, 0.548365, 0, 11.21976
/Users/bb/Code/udacity/udacity-behavior-cloning/straight-after-curves/IMG/center_2018_07_31_09_01_16_580.jpg, /Users/bb/Code/udacity/udacity-behavior-cloning/straight-after-curves/IMG/left_2018_07_31_09_01_16_580.jpg, /Users/bb/Code/udacity/udacity-behavior-cloning/straight-after-curves/IMG/right_2018_07_31_09_01_16_580.jpg, 0, 0, 0, 2.372922
/Users/bb/Code/udacity/udacity-behavior-cloning/straight-after-curves/IMG/center_2018_07_31_09_01_16_686.jpg, /Users/bb/Code/udacity/udacity-behavior-cloning/straight-after-curves/IMG/left_2018_07_31_09_01_16_686.jpg, /Users/bb/Code/udacity/udacity-behavior-cloning/straight-after-curves/IMG/right_2018_07_31_09_01_16_686.jpg, 0.1146122, 0, 0, 2.345427
/Users/bb/Code/udacity/udacity-behavior-cloning/straight-after-curves/IMG/center_2018_07_31_09_01_16_788.jpg, /Users/bb/Code/udacity/udacity-behavior-cloning/straight-after-curves/IMG/left_2018_07_31_09_01_16_788.jpg, /Users/bb/Code/udacity/udacity-behavior-cloning/straight-after-curves/IMG/right_2018_07_31_09_01_16_788.jpg, 0.423951, 0, 0, 2.307652
/Users/bb/Code/udacity/udacity-behavior-cloning/straight-after-curves/IMG/center_2018_07_31_09_01_16_891.jpg, /Users/bb/Code/udacity/udacity-behavior-cloning/straight-after-curves/IMG/left_2018_07_31_09_01_16_891.jpg, /Users/bb/Code/udacity/udacity-behavior-cloning/straight-after-curves/IMG/right_2018_07_31_09_01_16_891.jpg, 0.735462, 0, 0, 2.259094
/Users/bb/Code/udacity/udacity-behavior-cloning/straight-after-curves/IMG/center_2018_07_31_09_01_16_992.jpg, /Users/bb/Code/udacity/udacity-behavior-cloning/straight-after-curves/IMG/left_2018_07_31_09_01_16_992.jpg, /Users/bb/Code/udacity/udacity-behavior-cloning/straight-after-curves/IMG/right_2018_07_31_09_01_16_992.jpg, 1, 0, 0, 2.199713
/Users/bb/Code/udacity/udacity-behavior-cloning/straight-after-curves/IMG/center_2018_07_31_09_01_17_095.jpg, /Users/bb/Code/udacity/udacity-behavior-cloning/straight-after-curves/IMG/left_2018_07_31_09_01_17_095.jpg, /Users/bb/Code/udacity/udacity-behavior-cloning/straight-after-curves/IMG/right_2018_07_31_09_01_17_095.jpg, 1, 0, 0, 2.153591
/Users/bb/Code/udacity/udacity-behavior-cloning/straight-after-curves/IMG/center_2018_07_31_09_01_17_196.jpg, /Users/bb/Code/udacity/udacity-behavior-cloning/straight-after-curves/IMG/left_2018_07_31_09_01_17_196.jpg, /Users/bb/Code/udacity/udacity-behavior-cloning/straight-after-curves/IMG/right_2018_07_31_09_01_17_196.jpg, 1, 0, 0, 2.11864
/Users/bb/Code/udacity/udacity-behavior-cloning/straight-after-curves/IMG/center_2018_07_31_09_01_17_298.jpg, /Users/bb/Code/udacity/udacity-behavior-cloning/straight-after-curves/IMG/left_2018_07_31_09_01_17_298.jpg, /Users/bb/Code/udacity/udacity-behavior-cloning/straight-after-curves/IMG/right_2018_07_31_09_01_17_298.jpg, 1, 0, 0, 2.084355
/Users/bb/Code/udacity/udacity-behavior-cloning/straight-after-curves/IMG/center_2018_07_31_09_01_17_401.jpg, /Users/bb/Code/udacity/udacity-behavior-cloning/straight-after-curves/IMG/left_2018_07_31_09_01_17_401.jpg, /Users/bb/Code/udacity/udacity-behavior-cloning/straight-after-curves/IMG/right_2018_07_31_09_01_17_401.jpg, 1, 0, 0, 2.050701
/Users/bb/Code/udacity/udacity-behavior-cloning/straight-after-curves/IMG/center_2018_07_31_09_01_17_503.jpg, /Users/bb/Code/udacity/udacity-behavior-cloning/straight-after-curves/IMG/left_2018_07_31_09_01_17_503.jpg, /Users/bb/Code/udacity/udacity-behavior-cloning/straight-after-curves/IMG/right_2018_07_31_09_01_17_503.jpg, 1, 0, 0, 2.017704
/Users/bb/Code/udacity/udacity-behavior-cloning/straight-after-curves/IMG/center_2018_07_31_09_01_17_612.jpg, /Users/bb/Code/udacity/udacity-behavior-cloning/straight-after-curves/IMG/left_2018_07_31_09_01_17_612.jpg, /Users/bb/Code/udacity/udacity-behavior-cloning/straight-after-curves/IMG/right_2018_07_31_09_01_17_612.jpg, 1, 0, 0, 1.984494
/Users/bb/Code/udacity/udacity-behavior-cloning/straight-after-curves/IMG/center_2018_07_31_09_01_17_714.jpg, /Users/bb/Code/udacity/udacity-behavior-cloning/straight-after-curves/IMG/left_2018_07_31_09_01_17_714.jpg, /Users/bb/Code/udacity/udacity-behavior-cloning/straight-after-curves/IMG/right_2018_07_31_09_01_17_714.jpg, 1, 0, 0, 1.94499
/Users/bb/Code/udacity/udacity-behavior-cloning/straight-after-curves/IMG/center_2018_07_31_09_01_17_820.jpg, /Users/bb/Code/udacity/udacity-behavior-cloning/straight-after-curves/IMG/left_2018_07_31_09_01_17_820.jpg, /Users/bb/Code/udacity/udacity-behavior-cloning/straight-after-curves/IMG/right_2018_07_31_09_01_17_820.jpg, 1, 0, 0, 1.912838
/Users/bb/Code/udacity/udacity-behavior-cloning/straight-after-curves/IMG/center_2018_07_31_09_01_17_926.jpg, /Users/bb/Code/udacity/udacity-behavior-cloning/straight-after-curves/IMG/left_2018_07_31_09_01_17_926.jpg, /Users/bb/Code/udacity/udacity-behavior-cloning/straight-after-curves/IMG/right_2018_07_31_09_01_17_926.jpg, 1, 0, 0, 1.881378
/Users/bb/Code/udacity/udacity-behavior-cloning/straight-after-curves/IMG/center_2018_07_31_09_01_18_030.jpg, /Users/bb/Code/udacity/udacity-behavior-cloning/straight-after-curves/IMG/left_2018_07_31_09_01_18_030.jpg, /Users/bb/Code/udacity/udacity-behavior-cloning/straight-after-curves/IMG/right_2018_07_31_09_01_18_030.jpg, 1, 0, 0, 1.850598
/Users/bb/Code/udacity/udacity-behavior-cloning/straight-after-curves/IMG/center_2018_07_31_09_01_18_132.jpg, /Users/bb/Code/udacity/udacity-behavior-cloning/straight-after-curves/IMG/left_2018_07_31_09_01_18_132.jpg, /Users/bb/Code/udacity/udacity-behavior-cloning/straight-after-curves/IMG/right_2018_07_31_09_01_18_132.jpg, 1, 0, 0, 1.820668
/Users/bb/Code/udacity/udacity-behavior-cloning/straight-after-curves/IMG/center_2018_07_31_09_01_18_235.jpg, /Users/bb/Code/udacity/udacity-behavior-cloning/straight-after-curves/IMG/left_2018_07_31_09_01_18_235.jpg, /Users/bb/Code/udacity/udacity-behavior-cloning/straight-after-curves/IMG/right_2018_07_31_09_01_18_235.jpg, 0.7558002, 0, 0, 1.800822
/Users/bb/Code/udacity/udacity-behavior-cloning/straight-after-curves/IMG/center_2018_07_31_09_01_18_342.jpg, /Users/bb/Code/udacity/udacity-behavior-cloning/straight-after-curves/IMG/left_2018_07_31_09_01_18_342.jpg, /Users/bb/Code/udacity/udacity-behavior-cloning/straight-after-curves/IMG/right_2018_07_31_09_01_18_342.jpg, 0.4582303, 0, 0, 1.791981
/Users/bb/Code/udacity/udacity-behavior-cloning/straight-after-curves/IMG/center_2018_07_31_09_01_18_452.jpg, /Users/bb/Code/udacity/udacity-behavior-cloning/straight-after-curves/IMG/left_2018_07_31_09_01_18_452.jpg, /Users/bb/Code/udacity/udacity-behavior-cloning/straight-after-curves/IMG/right_2018_07_31_09_01_18_452.jpg, 0.1585721, 0, 0, 1.777173
/Users/bb/Code/udacity/udacity-behavior-cloning/straight-after-curves/IMG/center_2018_07_31_09_01_18_558.jpg, /Users/bb/Code/udacity/udacity-behavior-cloning/straight-after-curves/IMG/left_2018_07_31_09_01_18_558.jpg, /Users/bb/Code/udacity/udacity-behavior-cloning/straight-after-curves/IMG/right_2018_07_31_09_01_18_558.jpg, 0, 0.2246522, 0, 1.848225
/Users/bb/Code/udacity/udacity-behavior-cloning/straight-after-curves/IMG/center_2018_07_31_09_01_18_663.jpg, /Users/bb/Code/udacity/udacity-behavior-cloning/straight-after-curves/IMG/left_2018_07_31_09_01_18_663.jpg, /Users/bb/Code/udacity/udacity-behavior-cloning/straight-after-curves/IMG/right_2018_07_31_09_01_18_663.jpg, 0, 0.515031, 0, 2.312294
/Users/bb/Code/udacity/udacity-behavior-cloning/straight-after-curves/IMG/center_2018_07_31_09_01_18_763.jpg, /Users/bb/Code/udacity/udacity-behavior-cloning/straight-after-curves/IMG/left_2018_07_31_09_01_18_763.jpg, /Users/bb/Code/udacity/udacity-behavior-cloning/straight-after-curves/IMG/right_2018_07_31_09_01_18_763.jpg, 0, 0.8138909, 0, 3.164112
/Users/bb/Code/udacity/udacity-behavior-cloning/straight-after-curves/IMG/center_2018_07_31_09_01_18_870.jpg, /Users/bb/Code/udacity/udacity-behavior-cloning/straight-after-curves/IMG/left_2018_07_31_09_01_18_870.jpg, /Users/bb/Code/udacity/udacity-behavior-cloning/straight-after-curves/IMG/right_2018_07_31_09_01_18_870.jpg, 0, 1, 0, 4.29991
/Users/bb/Code/udacity/udacity-behavior-cloning/straight-after-curves/IMG/center_2018_07_31_09_01_18_979.jpg, /Users/bb/Code/udacity/udacity-behavior-cloning/straight-after-curves/IMG/left_2018_07_31_09_01_18_979.jpg, /Users/bb/Code/udacity/udacity-behavior-cloning/straight-after-curves/IMG/right_2018_07_31_09_01_18_979.jpg, 0, 1, 0, 5.692493
/Users/bb/Code/udacity/udacity-behavior-cloning/straight-after-curves/IMG/center_2018_07_31_09_01_19_079.jpg, /Users/bb/Code/udacity/udacity-behavior-cloning/straight-after-curves/IMG/left_2018_07_31_09_01_19_079.jpg, /Users/bb/Code/udacity/udacity-behavior-cloning/straight-after-curves/IMG/right_2018_07_31_09_01_19_079.jpg, 0, 1, 0, 6.840721
/Users/bb/Code/udacity/udacity-behavior-cloning/straight-after-curves/IMG/center_2018_07_31_09_01_19_180.jpg, /Users/bb/Code/udacity/udacity-behavior-cloning/straight-after-curves/IMG/left_2018_07_31_09_01_19_180.jpg, /Users/bb/Code/udacity/udacity-behavior-cloning/straight-after-curves/IMG/right_2018_07_31_09_01_19_180.jpg, 0, 1, 0, 7.977793
/Users/bb/Code/udacity/udacity-behavior-cloning/straight-after-curves/IMG/center_2018_07_31_09_01_19_284.jpg, /Users/bb/Code/udacity/udacity-behavior-cloning/straight-after-curves/IMG/left_2018_07_31_09_01_19_284.jpg, /Users/bb/Code/udacity/udacity-behavior-cloning/straight-after-curves/IMG/right_2018_07_31_09_01_19_284.jpg, 0.2896289, 0.8530121, 0, 9.028809
/Users/bb/Code/udacity/udacity-behavior-cloning/straight-after-curves/IMG/center_2018_07_31_09_01_19_389.jpg, /Users/bb/Code/udacity/udacity-behavior-cloning/straight-after-curves/IMG/left_2018_07_31_09_01_19_389.jpg, /Users/bb/Code/udacity/udacity-behavior-cloning/straight-after-curves/IMG/right_2018_07_31_09_01_19_389.jpg, 0.3021955, 0.538051, 0, 9.727839
/Users/bb/Code/udacity/udacity-behavior-cloning/straight-after-curves/IMG/center_2018_07_31_09_01_19_496.jpg, /Users/bb/Code/udacity/udacity-behavior-cloning/straight-after-curves/IMG/left_2018_07_31_09_01_19_496.jpg, /Users/bb/Code/udacity/udacity-behavior-cloning/straight-after-curves/IMG/right_2018_07_31_09_01_19_496.jpg, 0, 0.1945029, 0, 10.10189
/Users/bb/Code/udacity/udacity-behavior-cloning/straight-after-curves/IMG/center_2018_07_31_09_01_19_603.jpg, /Users/bb/Code/udacity/udacity-behavior-cloning/straight-after-curves/IMG/left_2018_07_31_09_01_19_603.jpg, /Users/bb/Code/udacity/udacity-behavior-cloning/straight-after-curves/IMG/right_2018_07_31_09_01_19_603.jpg, 0, 0, 0, 10.06054
/Users/bb/Code/udacity/udacity-behavior-cloning/straight-after-curves/IMG/center_2018_07_31_09_01_19_706.jpg, /Users/bb/Code/udacity/udacity-behavior-cloning/straight-after-curves/IMG/left_2018_07_31_09_01_19_706.jpg, /Users/bb/Code/udacity/udacity-behavior-cloning/straight-after-curves/IMG/right_2018_07_31_09_01_19_706.jpg, 0, 0, 0, 9.958975
/Users/bb/Code/udacity/udacity-behavior-cloning/straight-after-curves/IMG/center_2018_07_31_09_01_19_810.jpg, /Users/bb/Code/udacity/udacity-behavior-cloning/straight-after-curves/IMG/left_2018_07_31_09_01_19_810.jpg, /Users/bb/Code/udacity/udacity-behavior-cloning/straight-after-curves/IMG/right_2018_07_31_09_01_19_810.jpg, 0, 0, 0, 9.858667
/Users/bb/Code/udacity/udacity-behavior-cloning/straight-after-curves/IMG/center_2018_07_31_09_01_19_915.jpg, /Users/bb/Code/udacity/udacity-behavior-cloning/straight-after-curves/IMG/left_2018_07_31_09_01_19_915.jpg, /Users/bb/Code/udacity/udacity-behavior-cloning/straight-after-curves/IMG/right_2018_07_31_09_01_19_915.jpg, 0, 0, 0, 9.739667
/Users/bb/Code/udacity/udacity-behavior-cloning/straight-after-curves/IMG/center_2018_07_31_09_01_20_026.jpg, /Users/bb/Code/udacity/udacity-behavior-cloning/straight-after-curves/IMG/left_2018_07_31_09_01_20_026.jpg, /Users/bb/Code/udacity/udacity-behavior-cloning/straight-after-curves/IMG/right_2018_07_31_09_01_20_026.jpg, 0, 0, 0, 9.641599
/Users/bb/Code/udacity/udacity-behavior-cloning/straight-after-curves/IMG/center_2018_07_31_09_01_20_131.jpg, /Users/bb/Code/udacity/udacity-behavior-cloning/straight-after-curves/IMG/left_2018_07_31_09_01_20_131.jpg, /Users/bb/Code/udacity/udacity-behavior-cloning/straight-after-curves/IMG/right_2018_07_31_09_01_20_131.jpg, 0, 0, 0, 9.544516
/Users/bb/Code/udacity/udacity-behavior-cloning/straight-after-curves/IMG/center_2018_07_31_09_01_20_231.jpg, /Users/bb/Code/udacity/udacity-behavior-cloning/straight-after-curves/IMG/left_2018_07_31_09_01_20_231.jpg, /Users/bb/Code/udacity/udacity-behavior-cloning/straight-after-curves/IMG/right_2018_07_31_09_01_20_231.jpg, 0, 0, 0, 9.448412
/Users/bb/Code/udacity/udacity-behavior-cloning/straight-after-curves/IMG/center_2018_07_31_09_01_20_336.jpg, /Users/bb/Code/udacity/udacity-behavior-cloning/straight-after-curves/IMG/left_2018_07_31_09_01_20_336.jpg, /Users/bb/Code/udacity/udacity-behavior-cloning/straight-after-curves/IMG/right_2018_07_31_09_01_20_336.jpg, 0, 0, 0, 9.334355
/Users/bb/Code/udacity/udacity-behavior-cloning/straight-after-curves/IMG/center_2018_07_31_09_01_20_442.jpg, /Users/bb/Code/udacity/udacity-behavior-cloning/straight-after-curves/IMG/left_2018_07_31_09_01_20_442.jpg, /Users/bb/Code/udacity/udacity-behavior-cloning/straight-after-curves/IMG/right_2018_07_31_09_01_20_442.jpg, 0, 0, 0, 9.240358
/Users/bb/Code/udacity/udacity-behavior-cloning/straight-after-curves/IMG/center_2018_07_31_09_01_20_546.jpg, /Users/bb/Code/udacity/udacity-behavior-cloning/straight-after-curves/IMG/left_2018_07_31_09_01_20_546.jpg, /Users/bb/Code/udacity/udacity-behavior-cloning/straight-after-curves/IMG/right_2018_07_31_09_01_20_546.jpg, 0, 0, 0, 9.147306
/Users/bb/Code/udacity/udacity-behavior-cloning/straight-after-curves/IMG/center_2018_07_31_09_01_20_652.jpg, /Users/bb/Code/udacity/udacity-behavior-cloning/straight-after-curves/IMG/left_2018_07_31_09_01_20_652.jpg, /Users/bb/Code/udacity/udacity-behavior-cloning/straight-after-curves/IMG/right_2018_07_31_09_01_20_652.jpg, 0, 0, 0, 9.055187
/Users/bb/Code/udacity/udacity-behavior-cloning/straight-after-curves/IMG/center_2018_07_31_09_01_20_755.jpg, /Users/bb/Code/udacity/udacity-behavior-cloning/straight-after-curves/IMG/left_2018_07_31_09_01_20_755.jpg, /Users/bb/Code/udacity/udacity-behavior-cloning/straight-after-curves/IMG/right_2018_07_31_09_01_20_755.jpg, 0, 0, 0, 8.945863
/Users/bb/Code/udacity/udacity-behavior-cloning/straight-after-curves/IMG/center_2018_07_31_09_01_20_856.jpg, /Users/bb/Code/udacity/udacity-behavior-cloning/straight-after-curves/IMG/left_2018_07_31_09_01_20_856.jpg, /Users/bb/Code/udacity/udacity-behavior-cloning/straight-after-curves/IMG/right_2018_07_31_09_01_20_856.jpg, 0, 0, 0, 8.85577
